annee,mois,regroupement2,poids_enquete_kg,poids_mg_kg,valeur_tot_mg_fr,valeur_moy,indice_isee,indice_mg,quotas_date_debut,quotas_date_fin,quotas_contingent_t,quotas_realise_t,regroupement1,date_arrondie,besoin_marche_t,type_max,cyclone,nom,besoin_marche_kg,quotas_realise_kg,poids_enquete_t
2012,2,TOTAL LEGUMES,351720.5,164108.20112146504,47109362,287.0628139122182,94.2421329650262,NA,NA,NA,NA,0,Total legumes,2012-02-01,724,"Cyclone tropical
intense","Jasmine
(Cyclone
tropical
intense)",Jasmine,724000,0,351.7205
2012,12,TOTAL LEGUMES,619449.1,378692.11162186007,83089362,219.4113884341172,80.59003962938735,NA,NA,NA,NA,0,Total legumes,2012-12-01,732,NA,NA,NA,732000,0,619.4490999999999
2012,4,TOTAL LEGUMES,340793.70000000007,192072.806468321,54531861.053761005,283.9124499529561,106.9818546430411,NA,NA,NA,NA,0,Total legumes,2012-04-01,464,NA,NA,NA,464000,0,340.79370000000006
2013,10,TOTAL LEGUMES,864397.3999999999,586668,133420680,227.4210967702346,81.62796701971182,NA,NA,NA,NA,0,Total legumes,2013-10-01,737,NA,NA,NA,737000,0,864.3974
2013,7,TOTAL LEGUMES,704262.6,367758.11256161606,121925974.289255,331.5385035016104,99.74147405730989,NA,NA,NA,NA,0,Total legumes,2013-07-01,737,NA,NA,NA,737000,0,704.2626
2013,3,TOTAL LEGUMES,642566.05,252146.10961589147,79897783.225476,316.87097352875617,91.45479569907415,NA,NA,NA,NA,0,Total legumes,2013-03-01,719,"Cyclone tropical
intense","Sandra
(Cyclone
tropical
intense)",Sandra,719000,0,642.56605
2014,6,TOTAL LEGUMES,708929.4,315658,97538883,309.0017772399242,95.1712453870102,NA,NA,NA,NA,0,Total legumes,2014-06-01,737,NA,NA,NA,737000,0,708.9294
2015,4,TOTAL LEGUMES,362098.5500000001,151547,67336523,444.3276541271025,103.74251673936712,NA,NA,NA,NA,0,Total legumes,2015-04-01,459,NA,NA,NA,459000,0,362.0985500000001
2016,2,TOTAL LEGUMES,468214.5,236508,71341200,301.6439190217667,93.55576162626323,NA,NA,NA,NA,0,Total legumes,2016-02-01,724,NA,NA,NA,724000,0,468.2145
2016,10,TOTAL LEGUMES,1092725.3000000005,411659.2,100886900,245.07383777649085,82.66589441003629,NA,NA,NA,NA,0,Total legumes,2016-10-01,737,NA,NA,NA,737000,0,1092.7253000000005
2016,4,TOTAL LEGUMES,398931.05,207820,72088480,346.87941487826004,109.1665243920305,NA,NA,NA,NA,0,Total legumes,2016-04-01,459,NA,NA,NA,459000,0,398.93104999999997
2017,3,TOTAL LEGUMES,417229,185933.2,74290197,399.5531567251034,106.18666833593768,NA,NA,NA,NA,0,Total legumes,2017-03-01,614,NA,NA,NA,614000,0,417.229
2017,7,TOTAL LEGUMES,842379.3,242478,85052851,350.76522818564985,96.08361704463412,NA,NA,NA,NA,0,Total legumes,2017-07-01,737,NA,NA,NA,737000,0,842.3793000000001
2017,8,TOTAL LEGUMES,1052586.9,360447,107009255,296.8793054179949,91.95701862987634,NA,NA,NA,NA,0,Total legumes,2017-08-01,737,NA,NA,NA,737000,0,1052.5869
2018,1,TOTAL LEGUMES,649703.8,300058,87398374,291.27160082384074,100.20184507721189,NA,NA,NA,NA,0,Total legumes,2018-01-01,579,NA,NA,NA,579000,0,649.7038
2018,8,TOTAL LEGUMES,1091080.6,75667.75000000001,19270644,254.67446831708352,90.3499052513094,NA,NA,NA,NA,0,Total legumes,2018-08-01,737,NA,NA,NA,737000,0,1091.0806
2018,2,TOTAL LEGUMES,436155.4,165692.69999999998,65242859,393.7581981583981,102.52044094108189,NA,NA,NA,NA,0,Total legumes,2018-02-01,729,"Cyclone tropical
très intense","Gita
(Cyclone
tropical
très
intense)",Gita,729000,0,436.15540000000004
2019,11,TOTAL LEGUMES,1210497.5,146659.05,38227949,260.658643295453,85.1267867709669,NA,NA,NA,NA,0,Total legumes,2019-11-01,737,NA,NA,NA,737000,0,1210.4975
2019,8,TOTAL LEGUMES,1038982.4,217178.35000000003,67952382,312.887458625595,95.34702341279096,NA,NA,NA,NA,0,Total legumes,2019-08-01,737,NA,NA,NA,737000,0,1038.9824
2019,6,TOTAL LEGUMES,658110.1000000001,138659.55,49069836,353.88717185365164,95.67346831781236,NA,NA,NA,NA,0,Total legumes,2019-06-01,582,NA,NA,NA,582000,0,658.1101000000001
2019,7,TOTAL LEGUMES,933797.9,170576.4,57352665.8,336.2286095849133,96.0082836050138,NA,NA,NA,NA,0,Total legumes,2019-07-01,737,NA,NA,NA,737000,0,933.7979
2020,10,TOTAL LEGUMES,1044939,295399.41,74307282,251.54851189445503,83.6236829720494,68.74201365632344,NA,NA,NA,0,Total legumes,2020-10-01,737,NA,NA,NA,737000,0,1044.939
2021,12,TOTAL LEGUMES,506298,187567.17,69048504,368.1268102514955,100,91.91063402845369,2021-12-16,2022-01-15,678.5999999999999,1385.5889999999995,Total legumes,2021-12-01,724,NA,NA,NA,724000,1385588.9999999995,506.298
2021,4,TOTAL LEGUMES,316173.4,146210.87,76523921,523.3805188355695,125.9106879208049,134.6961664791013,2021-04-16,2021-05-15,1207.55,0,Total legumes,2021-04-01,609,NA,NA,NA,609000,0,316.1734
2022,2,TOTAL LEGUMES,328508.5,108496.39,57145556,526.7046765334773,131.3734246328611,128.4982611188432,2022-02-16,2022-03-15,1279.6500000000003,454.968,Total legumes,2022-02-01,751,"Cyclone tropical
intense","Dovi
(Cyclone
tropical
intense)",Dovi,751000,454968,328.5085
2022,4,TOTAL LEGUMES,353177.1,96591.05,52174405,540.1577578875061,133.74250922475994,147,2022-04-16,2022-05-15,993.29,366.8769999999999,Total legumes,2022-04-01,751,NA,NA,NA,751000,366876.9999999999,353.1771
2022,3,TOTAL LEGUMES,339157,106290.05,59675407,561.4392598366451,130.63545428816784,138.80330006798062,2022-03-16,2022-04-15,1117.7999999999995,350.992,Total legumes,2022-03-01,751,NA,NA,NA,751000,350992,339.157
2022,7,TOTAL LEGUMES,564254.5,147399.38,68039515,461.5997367153105,122.86855988310438,116.21493317318404,2022-07-16,2022-08-15,469.47,199.28900000000004,Total legumes,2022-07-01,751,NA,NA,NA,751000,199289.00000000006,564.2545
2023,6,TOTAL LEGUMES,403144,132011.41,63893732,484.0015874385403,138.14484504165807,134.17161962923703,2023-06-16,2023-07-15,626.8899999999998,359.308,Total legumes,2023-06-01,751,NA,NA,NA,751000,359308,403.144
2023,2,TOTAL LEGUMES,310164,86046.69999999998,43897246,510.15606641509794,138.7351480956996,113.4491818072672,2023-02-16,2023-03-15,959.35,536.538,Total legumes,2023-02-01,751,NA,NA,NA,751000,536538,310.164
2023,5,TOTAL LEGUMES,394799,118086.15,59405577,503.0698096262771,143.34122826872488,128.00911118681103,2023-05-16,2023-06-15,787.9929999999998,588.9710000000001,Total legumes,2023-05-01,751,NA,NA,NA,751000,588971.0000000001,394.799
2012,11,TOTAL FRUITS (HORS VANILLE),497317,241206.3400827,62864728,260.6263499477095,98.7450169215633,NA,NA,NA,NA,0,Total fruits (hors vanille),2012-11-01,410,NA,NA,NA,410000,0,497.317
2012,10,TOTAL FRUITS (HORS VANILLE),514584.5,229928.15076,52714511,229.2651457673125,94.04430815141868,NA,NA,NA,NA,0,Total fruits (hors vanille),2012-10-01,340,NA,NA,NA,340000,0,514.5845
2012,6,TOTAL FRUITS (HORS VANILLE),431650,242123.56771418,54702593.5,225.92841339829775,88.45468329974032,NA,NA,NA,NA,0,Total fruits (hors vanille),2012-06-01,350,NA,NA,NA,350000,0,431.65
2013,9,TOTAL FRUITS (HORS VANILLE),347726,130192.49351890002,32414261.87498,248.97181856551833,100.22905478649676,NA,NA,NA,NA,0,Total fruits (hors vanille),2013-09-01,350,NA,NA,NA,350000,0,347.726
2013,12,TOTAL FRUITS (HORS VANILLE),531070,263022,66090210,251.27255514747816,102.707473352807,NA,NA,NA,NA,0,Total fruits (hors vanille),2013-12-01,460,NA,NA,NA,460000,0,531.07
2013,5,TOTAL FRUITS (HORS VANILLE),374722,189556.1768771,50685576,267.39079060906744,91.2645620998428,NA,NA,NA,NA,0,Total fruits (hors vanille),2013-05-01,350,NA,NA,NA,350000,0,374.722
2013,8,TOTAL FRUITS (HORS VANILLE),306386,164862.77823890376,41528446.6563,251.8970449237538,105.64541633414736,NA,NA,NA,NA,0,Total fruits (hors vanille),2013-08-01,390,NA,NA,NA,390000,0,306.386
2013,10,TOTAL FRUITS (HORS VANILLE),381737,181515,49170119,270.8873591714183,90.92556867891888,NA,NA,NA,NA,0,Total fruits (hors vanille),2013-10-01,340,NA,NA,NA,340000,0,381.737
2013,2,TOTAL FRUITS (HORS VANILLE),304722,188042.079681,41748290.1035,222.01567954536029,91.98021487734876,NA,NA,NA,NA,0,Total fruits (hors vanille),2013-02-01,390,NA,NA,NA,390000,0,304.722
2013,3,TOTAL FRUITS (HORS VANILLE),341853,159567.02546361188,39441793.8516,247.1801033891831,88.60534704237317,NA,NA,NA,NA,0,Total fruits (hors vanille),2013-03-01,460,"Cyclone tropical
intense","Sandra
(Cyclone
tropical
intense)",Sandra,460000,0,341.853
2014,11,TOTAL FRUITS (HORS VANILLE),449033.5,147137,46979072,319.28795612252526,100.02565873394244,NA,NA,NA,NA,0,Total fruits (hors vanille),2014-11-01,460,NA,NA,NA,460000,0,449.0335
2014,5,TOTAL FRUITS (HORS VANILLE),375894,174232,45868522,263.2611804949722,94.0819740870769,NA,NA,NA,NA,0,Total fruits (hors vanille),2014-05-01,350,NA,NA,NA,350000,0,375.894
2014,1,TOTAL FRUITS (HORS VANILLE),426167,206305,52791967,255.8928140374688,91.60355552076668,NA,NA,NA,NA,0,Total fruits (hors vanille),2014-01-01,415,NA,NA,NA,415000,0,426.167
2014,4,TOTAL FRUITS (HORS VANILLE),284930,155371,38525409,247.95752746651564,90.04418578451678,NA,NA,NA,NA,0,Total fruits (hors vanille),2014-04-01,350,NA,NA,NA,350000,0,284.93
2015,12,TOTAL FRUITS (HORS VANILLE),718188,216192,64036703,296.2029261027235,104.19151121774046,NA,NA,NA,NA,0,Total fruits (hors vanille),2015-12-01,445,NA,NA,NA,445000,0,718.188
2015,7,TOTAL FRUITS (HORS VANILLE),327978,152297,40041542,262.91747046888645,109.25381297020388,NA,NA,NA,NA,0,Total fruits (hors vanille),2015-07-01,350,NA,NA,NA,350000,0,327.978
2015,9,TOTAL FRUITS (HORS VANILLE),300883,153748,42487548,276.3453703462809,113.45733138966013,NA,NA,NA,NA,0,Total fruits (hors vanille),2015-09-01,350,NA,NA,NA,350000,0,300.883
2015,4,TOTAL FRUITS (HORS VANILLE),260967,168732,42257132,250.4393476044852,97.12538168826026,NA,NA,NA,NA,0,Total fruits (hors vanille),2015-04-01,390,NA,NA,NA,390000,0,260.967
2015,1,TOTAL FRUITS (HORS VANILLE),421740,214483,52121512,243.0099914678553,94.95582379434737,NA,NA,NA,NA,0,Total fruits (hors vanille),2015-01-01,420,NA,NA,NA,420000,0,421.74
2016,3,TOTAL FRUITS (HORS VANILLE),322778,169087,43541273,257.50810529490735,94.33056926242108,NA,NA,NA,NA,0,Total fruits (hors vanille),2016-03-01,390,"Cyclone tropical
très intense","Winston
(Cyclone
tropical
très
intense)",Winston,390000,0,322.778
2016,10,TOTAL FRUITS (HORS VANILLE),302466,118877,36549708,307.4581962869184,108.01837028061458,NA,NA,NA,NA,0,Total fruits (hors vanille),2016-10-01,340,NA,NA,NA,340000,0,302.466
2016,1,TOTAL FRUITS (HORS VANILLE),418072,290704,76785113,264.13504114150476,96.4699944078074,NA,NA,NA,NA,0,Total fruits (hors vanille),2016-01-01,455,"Cyclone tropical
intense","Ula
(Cyclone
tropical
intense)",Ula,455000,0,418.072
2017,1,TOTAL FRUITS (HORS VANILLE),255646,218479,55817044,255.48013310203729,98.1046960153737,NA,NA,NA,NA,0,Total fruits (hors vanille),2017-01-01,460,NA,NA,NA,460000,0,255.646
2017,4,TOTAL FRUITS (HORS VANILLE),255950,135895,38189258,281.0203318738732,96.22893241959488,NA,NA,NA,NA,0,Total fruits (hors vanille),2017-04-01,350,NA,NA,NA,350000,0,255.95
2017,5,TOTAL FRUITS (HORS VANILLE),195637,172893,48095458,278.1804815695257,100.2893202835499,NA,NA,NA,NA,0,Total fruits (hors vanille),2017-05-01,390,"Cyclone tropical
très intense","Donna
(Cyclone
tropical
très
intense)",Donna,390000,0,195.637
2017,9,TOTAL FRUITS (HORS VANILLE),256838,142708,41735207,292.4517686464669,106.93359133365811,NA,NA,NA,NA,0,Total fruits (hors vanille),2017-09-01,340,NA,NA,NA,340000,0,256.838
2018,3,TOTAL FRUITS (HORS VANILLE),210222,113112.2,35312504,312.1900555377758,108.1087685261943,NA,NA,NA,NA,0,Total fruits (hors vanille),2018-03-01,390,"Cyclone tropical
intense","Hola
(Cyclone
tropical
intense)",Hola,390000,0,210.222
2018,11,TOTAL FRUITS (HORS VANILLE),552945,100777,26318057,261.1514234398722,112.46295068828336,NA,NA,NA,NA,0,Total fruits (hors vanille),2018-11-01,420,NA,NA,NA,420000,0,552.945
2018,12,TOTAL FRUITS (HORS VANILLE),749924,92047,27042033,293.7850554607972,96.64325771183518,NA,NA,NA,NA,0,Total fruits (hors vanille),2018-12-01,410,NA,NA,NA,410000,0,749.924
2018,2,TOTAL FRUITS (HORS VANILLE),204916,107003.7,28274930,264.24254488396195,108.17656721037908,NA,NA,NA,NA,0,Total fruits (hors vanille),2018-02-01,390,"Cyclone tropical
très intense","Gita
(Cyclone
tropical
très
intense)",Gita,390000,0,204.916
2019,6,TOTAL FRUITS (HORS VANILLE),365188,87313.6,29195118,334.37079676018396,120.5385272934036,NA,NA,NA,NA,0,Total fruits (hors vanille),2019-06-01,350,NA,NA,NA,350000,0,365.188
2019,9,TOTAL FRUITS (HORS VANILLE),278066,49577.4,16216037,327.08526465687993,108.1087685261943,NA,NA,NA,NA,0,Total fruits (hors vanille),2019-09-01,310,NA,NA,NA,310000,0,278.066
2019,3,TOTAL FRUITS (HORS VANILLE),238860,71842,21491648,299.1515826396815,100.43998402618276,NA,NA,NA,NA,0,Total fruits (hors vanille),2019-03-01,390,NA,NA,NA,390000,0,238.86
2019,1,TOTAL FRUITS (HORS VANILLE),376099,148596,35597263,239.55734340089907,102.0144201366959,NA,NA,NA,NA,0,Total fruits (hors vanille),2019-01-01,420,NA,NA,NA,420000,0,376.099
2019,8,TOTAL FRUITS (HORS VANILLE),317328,49892.2,16289464,326.49319933777224,126.1206189579503,NA,NA,NA,NA,0,Total fruits (hors vanille),2019-08-01,350,NA,NA,NA,350000,0,317.328
2019,7,TOTAL FRUITS (HORS VANILLE),417860.5,77352,24449736,316.08408315234254,136.97594161464642,NA,NA,NA,NA,0,Total fruits (hors vanille),2019-07-01,350,NA,NA,NA,350000,0,417.8605
2020,11,TOTAL FRUITS (HORS VANILLE),640450,145523.15,43209592,296.9258980444005,95.5401078485771,97.56977509480238,NA,NA,NA,0,Total fruits (hors vanille),2020-11-01,420,NA,NA,NA,420000,0,640.45
2020,4,TOTAL FRUITS (HORS VANILLE),399656,116584.3,36444063.9,312.59838503126065,89.09032559601133,100.23158019652864,NA,NA,NA,0,Total fruits (hors vanille),2020-04-01,390,"Cyclone tropical
très intense","Harold
(Cyclone
tropical
très
intense)",Harold,390000,0,399.656
2020,3,TOTAL FRUITS (HORS VANILLE),433814,120403.5,38623247,320.78176298861746,88.48468161841174,101.90330953954116,NA,NA,NA,0,Total fruits (hors vanille),2020-03-01,390,NA,NA,NA,390000,0,433.814
2021,9,TOTAL FRUITS (HORS VANILLE),288411,54657.7,18701004,342.1476571462027,106.98196207810402,111.39906320614128,2021-09-16,2021-10-15,338.80100000000004,0,Total fruits (hors vanille),2021-09-01,310,NA,NA,NA,310000,0,288.411
2021,4,TOTAL FRUITS (HORS VANILLE),270606,112268.16999999998,36114780,321.6831627343708,93.33702240826386,104.47124357348554,2021-04-16,2021-05-15,240.4,0,Total fruits (hors vanille),2021-04-01,390,NA,NA,NA,390000,0,270.606
2021,1,TOTAL FRUITS (HORS VANILLE),391686,140075,35334775,252.25611279671605,90.96249134068904,91.5058338530868,2021-01-16,2021-02-15,267.15,127.278,Total fruits (hors vanille),2021-01-01,420,NA,NA,NA,420000,127278,391.686
2021,8,TOTAL FRUITS (HORS VANILLE),214520,86082.09999999999,28113058,326.58424922254454,104.75076112106288,107.72467137858337,2021-08-16,2021-09-15,247.95,0,Total fruits (hors vanille),2021-08-01,350,NA,NA,NA,350000,0,214.52
2022,4,TOTAL FRUITS (HORS VANILLE),242598,82247.3,29246298,355.58976404088645,105.84870275202248,115.95716814325678,2022-04-16,2022-05-15,234,43.419,Total fruits (hors vanille),2022-04-01,469,NA,NA,NA,469000,43419,242.598
2022,7,TOTAL FRUITS (HORS VANILLE),214410,53125.8,20014853,376.744500788694,104.42153669423186,125.89790069322542,2022-07-16,2022-08-15,238.501,90.404,Total fruits (hors vanille),2022-07-01,469,NA,NA,NA,469000,90404,214.41
2022,8,TOTAL FRUITS (HORS VANILLE),200046,49616.810000000005,19155913,386.077077506595,104.55775284701218,127.59292216291784,2022-08-16,2022-09-15,388.16,171.465,Total fruits (hors vanille),2022-08-01,469,NA,NA,NA,469000,171465,200.046
2022,12,TOTAL FRUITS (HORS VANILLE),290039.5,123519.15,42349154,342.8549662137409,102.70841308375412,111.22308189107429,2022-12-16,2023-01-15,378.014,101.16299999999998,Total fruits (hors vanille),2022-12-01,469,NA,NA,NA,469000,101162.99999999999,290.0395
2022,3,TOTAL FRUITS (HORS VANILLE),169908,99471.68,35889911,360.8053166489196,105.94682099756676,116.43740754031984,2022-03-16,2022-04-15,342.402,91.487,Total fruits (hors vanille),2022-03-01,469,NA,NA,NA,469000,91487,169.908
2023,2,TOTAL FRUITS (HORS VANILLE),201867,87850.30000000002,31455900,358.06252226799444,104.77276184350328,118.3640046867738,2023-02-16,2023-03-15,360.00999999999993,121.755,Total fruits (hors vanille),2023-02-01,469,NA,NA,NA,469000,121755,201.867
2023,5,TOTAL FRUITS (HORS VANILLE),183015,89490.6,30067462,335.98458385573457,102.2212729588835,110.11762151583666,2023-05-16,2023-06-15,232.925,144.757,Total fruits (hors vanille),2023-05-01,469,NA,NA,NA,469000,144757,183.015
2012,10,TOTAL LEGUMES,884585.7,588545.21060151,134978799,229.34312703360175,84.37345237476366,NA,NA,NA,NA,0,Total legumes,2012-10-01,737,NA,NA,NA,737000,0,884.5857
2012,11,TOTAL LEGUMES,671057.45,598292.7663906609,131240828,219.35887473910233,81.8790784851129,NA,NA,NA,NA,0,Total legumes,2012-11-01,737,NA,NA,NA,737000,0,671.0574499999999
2013,4,TOTAL LEGUMES,572904.95,246243.37073462593,75751967.59961,307.63048513191103,98.72028743134548,NA,NA,NA,NA,0,Total legumes,2013-04-01,459,NA,NA,NA,459000,0,572.90495
2013,12,TOTAL LEGUMES,718428,363774,115086108,316.3670520707912,90.99442467917218,NA,NA,NA,NA,0,Total legumes,2013-12-01,729,NA,NA,NA,729000,0,718.428
2013,2,TOTAL LEGUMES,480959.7,252119.1900177883,85955224.537598,340.9309086370356,96.23428392387476,NA,NA,NA,NA,0,Total legumes,2013-02-01,614,NA,NA,NA,614000,0,480.9597
2013,9,TOTAL LEGUMES,831748.5,296465.6296651011,95404435.9766,321.80605921965554,88.50005078952144,NA,NA,NA,NA,0,Total legumes,2013-09-01,737,NA,NA,NA,737000,0,831.7485
2014,4,TOTAL LEGUMES,546895.2,230801,78901655,341.8601089250047,89.68027467690652,NA,NA,NA,NA,0,Total legumes,2014-04-01,459,NA,NA,NA,459000,0,546.8951999999999
2014,12,TOTAL LEGUMES,583132.6,341635,99432540,291.04904356989186,89.33708900752505,NA,NA,NA,NA,0,Total legumes,2014-12-01,724,NA,NA,NA,724000,0,583.1326
2014,3,TOTAL LEGUMES,394908,167874,70747686,421.4332535115622,95.12939347611,NA,NA,NA,NA,0,Total legumes,2014-03-01,569,NA,NA,NA,569000,0,394.908
2014,7,TOTAL LEGUMES,959646.2,407514,110953288,272.26865334687886,92.46761194285854,NA,NA,NA,NA,0,Total legumes,2014-07-01,737,NA,NA,NA,737000,0,959.6461999999999
2014,10,TOTAL LEGUMES,1001711.1,579127,148500607,256.4214878601758,91.24553614457328,NA,NA,NA,NA,0,Total legumes,2014-10-01,737,NA,NA,NA,737000,0,1001.7111
2014,8,TOTAL LEGUMES,988551.55,510032,128115186,251.19048608714743,86.96827085057484,NA,NA,NA,NA,0,Total legumes,2014-08-01,737,NA,NA,NA,737000,0,988.55155
2014,11,TOTAL LEGUMES,869370.65,425016,108939884,256.3194891486438,88.03967976961945,NA,NA,NA,NA,0,Total legumes,2014-11-01,732,NA,NA,NA,732000,0,869.3706500000001
2014,2,TOTAL LEGUMES,325222.2,146957,55037993,374.51766843362344,101.00540176649534,NA,NA,NA,NA,0,Total legumes,2014-02-01,574,NA,NA,NA,574000,0,325.2222
2014,9,TOTAL LEGUMES,984491.1,481134,124130857,257.99643550445404,88.51679155388152,NA,NA,NA,NA,0,Total legumes,2014-09-01,737,NA,NA,NA,737000,0,984.4911
2015,10,TOTAL LEGUMES,1130653.9,550217,119949231,218.0034986196355,83.61174759638037,NA,NA,NA,NA,0,Total legumes,2015-10-01,737,NA,NA,NA,737000,0,1130.6538999999998
2015,11,TOTAL LEGUMES,1070139.0499999998,419379,89151403,212.57955930077568,79.67766797176341,NA,NA,NA,NA,0,Total legumes,2015-11-01,729,NA,NA,NA,729000,0,1070.1390499999998
2015,1,TOTAL LEGUMES,501171.00000000006,336237,102521096,304.9072410234448,91.48827722779431,NA,NA,NA,NA,0,Total legumes,2015-01-01,724,NA,NA,NA,724000,0,501.17100000000005
2015,12,TOTAL LEGUMES,825200.8300000001,387185,89279156,230.58526544158477,83.14300619429835,NA,NA,NA,NA,0,Total legumes,2015-12-01,724,NA,NA,NA,724000,0,825.2008300000001
2015,3,TOTAL LEGUMES,299623.05,162008,70511370,435.23387733939063,114.5654208981538,NA,NA,NA,NA,0,Total legumes,2015-03-01,459,"Cyclone tropical
très intense","Marcia
(Cyclone
tropical
très
intense)",Marcia,459000,0,299.62305
2015,3,TOTAL LEGUMES,299623.05,162008,70511370,435.23387733939063,114.5654208981538,NA,NA,NA,NA,0,Total legumes,2015-03-01,459,"Cyclone tropical
très intense","Pam
(Cyclone
tropical
très
intense)",Pam,459000,0,299.62305
2015,6,TOTAL LEGUMES,657770.95,266890,86948595,325.7843868260332,90.76842436031122,NA,NA,NA,NA,0,Total legumes,2015-06-01,582,NA,NA,NA,582000,0,657.77095
2016,8,TOTAL LEGUMES,1126456.7000000002,355138,104809236,295.1225608073481,91.6222033426749,NA,NA,NA,NA,0,Total legumes,2016-08-01,737,NA,NA,NA,737000,0,1126.4567000000002
2016,3,TOTAL LEGUMES,416336.05,179967,65050285,361.4567392910923,104.85577756931194,NA,NA,NA,NA,0,Total legumes,2016-03-01,574,"Cyclone tropical
très intense","Winston
(Cyclone
tropical
très
intense)",Winston,574000,0,416.33605
2016,12,TOTAL LEGUMES,728985.0999999999,411496,125658401,305.3696779555573,101.67503234089824,NA,NA,NA,NA,0,Total legumes,2016-12-01,732,NA,NA,NA,732000,0,728.9850999999999
2016,9,TOTAL LEGUMES,1044551.8000000002,456999,121181914,265.16888220761973,89.46264474022558,NA,NA,NA,NA,0,Total legumes,2016-09-01,737,NA,NA,NA,737000,0,1044.5518000000002
2016,7,TOTAL LEGUMES,913005.75,316278,103239138,326.41896685827027,96.36821003875536,NA,NA,NA,NA,0,Total legumes,2016-07-01,732,NA,NA,NA,732000,0,913.00575
2016,1,TOTAL LEGUMES,673315.2000000001,434401,127738634,294.0569519867588,92.47598232503856,NA,NA,NA,NA,0,Total legumes,2016-01-01,724,"Cyclone tropical
intense","Ula
(Cyclone
tropical
intense)",Ula,724000,0,673.3152000000001
2017,2,TOTAL LEGUMES,415807.1999999999,153768.4,56787588,369.3059692368523,98.8625839284061,NA,NA,NA,NA,0,Total legumes,2017-02-01,724,NA,NA,NA,724000,0,415.8071999999999
2017,11,TOTAL LEGUMES,921913.5,425056,113294452,266.54006060377924,93.82361385602438,NA,NA,NA,NA,0,Total legumes,2017-11-01,737,NA,NA,NA,737000,0,921.9135
2017,9,TOTAL LEGUMES,1088600.8,547926,142379207,259.8511605581776,93.07864984200116,NA,NA,NA,NA,0,Total legumes,2017-09-01,737,NA,NA,NA,737000,0,1088.6008
2017,10,TOTAL LEGUMES,1145306.2999999998,360249,86935630,241.32094745578752,91.3710918772738,NA,NA,NA,NA,0,Total legumes,2017-10-01,737,NA,NA,NA,737000,0,1145.3062999999997
2017,5,TOTAL LEGUMES,349291.19999999995,189181,80206477,423.9668729946453,104.91437024457218,NA,NA,NA,NA,0,Total legumes,2017-05-01,459,"Cyclone tropical
très intense","Donna
(Cyclone
tropical
très
intense)",Donna,459000,0,349.29119999999995
2017,12,TOTAL LEGUMES,1076873.2999999998,479934,146630903,305.5230573370505,101.7168842517984,NA,NA,NA,NA,0,Total legumes,2017-12-01,732,NA,NA,NA,732000,0,1076.8732999999997
2018,6,TOTAL LEGUMES,679607,208253.04999999996,68717711,329.97217087576877,94.8699116285289,NA,NA,NA,NA,0,Total legumes,2018-06-01,737,NA,NA,NA,737000,0,679.607
2019,3,TOTAL LEGUMES,386408.1,96421.40000000002,43861529.3,454.89413449711367,103.76762788590725,NA,NA,NA,NA,0,Total legumes,2019-03-01,577,NA,NA,NA,577000,0,386.4081
2019,1,TOTAL LEGUMES,740737.0000000001,283602,87632917,308.99964386710957,94.76109666018844,NA,NA,NA,NA,0,Total legumes,2019-01-01,724,NA,NA,NA,724000,0,740.7370000000001
2019,12,TOTAL LEGUMES,1073389,163631.1,52191972,318.96119991859734,90.00671958192794,NA,NA,NA,NA,0,Total legumes,2019-12-01,724,NA,NA,NA,724000,0,1073.389
2019,5,TOTAL LEGUMES,551372,133832.6,52482610,392.1511649627968,94.25887372938628,NA,NA,NA,NA,0,Total legumes,2019-05-01,464,NA,NA,NA,464000,0,551.372
2019,10,TOTAL LEGUMES,1198290.5,179672.4,43871807,244.17666263711067,87.40353072393671,NA,NA,NA,NA,0,Total legumes,2019-10-01,737,NA,NA,NA,737000,0,1198.2905
2019,9,TOTAL LEGUMES,1084689.8,191242.15,49170840,257.1129847682637,91.10323964751268,NA,NA,NA,NA,0,Total legumes,2019-09-01,737,NA,NA,NA,737000,0,1084.6898
2019,4,TOTAL LEGUMES,490394.4,145709.19999999998,60309629.4,413.90405959266815,99.2559918908678,NA,NA,NA,NA,0,Total legumes,2019-04-01,472,NA,NA,NA,472000,0,490.3944
2020,7,TOTAL LEGUMES,872081,158806.98,56611436,356.4795199807968,97.19201750064552,99.0677404660427,NA,NA,NA,0,Total legumes,2020-07-01,737,NA,NA,NA,737000,0,872.081
2020,8,TOTAL LEGUMES,1080901.85,233771.8,75591965,323.35792854399034,93.64815457443493,91.62780166535184,NA,NA,NA,0,Total legumes,2020-08-01,737,NA,NA,NA,737000,0,1080.9018500000002
2020,5,TOTAL LEGUMES,619415.1,71277.84999999999,26630081.25,373.6094908867201,99.68873361555748,101.68285403248107,NA,NA,NA,0,Total legumes,2020-05-01,569,NA,NA,NA,569000,0,619.4150999999999
2021,5,TOTAL LEGUMES,464389,110808.40000000002,55816475,503.7206114337901,125.580229054686,129.3053450566094,2021-05-17,2021-06-16,886.1699999999998,0,Total legumes,2021-05-01,562,NA,NA,NA,562000,0,464.389
2021,6,TOTAL LEGUMES,466481,156930.22999999998,75443917,480.74814521077303,119.79647161965087,126.2020630090752,2021-06-16,2021-07-15,421.06000000000006,0,Total legumes,2021-06-01,569,NA,NA,NA,569000,0,466.481
2022,1,TOTAL LEGUMES,310268.1,101593.91000000002,51558183,507.49285070335407,124.94521948807552,131.41652880193254,2022-01-16,2022-02-15,1279.7199999999998,751.9379999999999,Total legumes,2022-01-01,751,NA,NA,NA,751000,751937.9999999999,310.2681
2022,6,TOTAL LEGUMES,586980.1,131966.2,65686214,497.75028757363623,129.14280373404225,133.5015696149867,2022-06-16,2022-07-15,638.8799999999999,262.667,Total legumes,2022-06-01,751,NA,NA,NA,751000,262667,586.9801
2022,5,TOTAL LEGUMES,451661.2,117155.68,63523667,542.2158532987901,136.73604073817577,146.99621854227763,2022-05-16,2022-06-15,977.344,460.073,Total legumes,2022-05-01,751,NA,NA,NA,751000,460073,451.6612
2022,8,TOTAL LEGUMES,550932,165516.03,70913770,428.4404960655472,123.10405048927892,114.66584325185607,2022-08-16,2022-09-15,400.23,188.72499999999997,Total legumes,2022-08-01,751,NA,NA,NA,751000,188724.99999999997,550.932
2022,10,TOTAL LEGUMES,618494,197955.9,72085639,364.1499899725141,120.68746879146944,99.55497990158968,2022-10-16,2022-11-15,322.27,121.33299999999998,Total legumes,2022-10-01,751,NA,NA,NA,751000,121332.99999999999,618.494
2023,1,TOTAL LEGUMES,481412.6,115658.44,62633350,541.5372194195253,141.617866519701,149.61885071761222,2023-01-16,2023-02-15,1039.436,538.8120000000001,Total legumes,2023-01-01,751,NA,NA,NA,751000,538812.0000000001,481.4126
2012,1,TOTAL FRUITS (HORS VANILLE),441629,314155,66441463,211.4926167019465,85.17774689747606,NA,NA,NA,NA,0,Total fruits (hors vanille),2012-01-01,460,NA,NA,NA,460000,0,441.629
2012,5,TOTAL FRUITS (HORS VANILLE),386839,195962.6001026,44535839,227.2670345090461,87.78422964502418,NA,NA,NA,NA,0,Total fruits (hors vanille),2012-05-01,390,NA,NA,NA,390000,0,386.839
2012,2,TOTAL FRUITS (HORS VANILLE),354403,120970.3003329,27781257,229.65353416126388,84.50729324275991,NA,NA,NA,NA,0,Total fruits (hors vanille),2012-02-01,420,"Cyclone tropical
intense","Jasmine
(Cyclone
tropical
intense)",Jasmine,420000,0,354.403
2013,11,TOTAL FRUITS (HORS VANILLE),473590,252810,64987133,257.0591867410308,100.56804820742066,NA,NA,NA,NA,0,Total fruits (hors vanille),2013-11-01,450,NA,NA,NA,450000,0,473.59
2013,7,TOTAL FRUITS (HORS VANILLE),295323,200743.22014220004,47760087.5234,237.91631662363636,100.80157700850155,NA,NA,NA,NA,0,Total fruits (hors vanille),2013-07-01,350,NA,NA,NA,350000,0,295.323
2013,1,TOTAL FRUITS (HORS VANILLE),414152,276024,58753065,212.85491479001823,87.60343315386477,NA,NA,NA,NA,0,Total fruits (hors vanille),2013-01-01,460,"Cyclone tropical
intense","Freda
(Cyclone
tropical
intense)",Freda,460000,0,414.152
2014,3,TOTAL FRUITS (HORS VANILLE),203204,132037,33767726,255.744420124662,88.61288022950481,NA,NA,NA,NA,0,Total fruits (hors vanille),2014-03-01,390,NA,NA,NA,390000,0,203.204
2014,12,TOTAL FRUITS (HORS VANILLE),627680,261662,80284161,306.8239217005144,97.9389658984776,NA,NA,NA,NA,0,Total fruits (hors vanille),2014-12-01,445,NA,NA,NA,445000,0,627.68
2014,8,TOTAL FRUITS (HORS VANILLE),269402,156790,45805006,292.14239428534984,104.31204221184672,NA,NA,NA,NA,0,Total fruits (hors vanille),2014-08-01,350,NA,NA,NA,350000,0,269.402
2015,5,TOTAL FRUITS (HORS VANILLE),276398,147887,36824723,249.0058152508334,96.65832408609846,NA,NA,NA,NA,0,Total fruits (hors vanille),2015-05-01,350,NA,NA,NA,350000,0,276.398
2015,3,TOTAL FRUITS (HORS VANILLE),278830,172450,42637663,247.2465236300377,91.1590974799998,NA,NA,NA,NA,0,Total fruits (hors vanille),2015-03-01,390,"Cyclone tropical
très intense","Marcia
(Cyclone
tropical
très
intense)",Marcia,390000,0,278.83
2015,3,TOTAL FRUITS (HORS VANILLE),278830,172450,42637663,247.2465236300377,91.1590974799998,NA,NA,NA,NA,0,Total fruits (hors vanille),2015-03-01,390,"Cyclone tropical
très intense","Pam
(Cyclone
tropical
très
intense)",Pam,390000,0,278.83
2015,10,TOTAL FRUITS (HORS VANILLE),384114,184828,49915263,270.0633183283918,108.76415580664714,NA,NA,NA,NA,0,Total fruits (hors vanille),2015-10-01,350,NA,NA,NA,350000,0,384.114
2016,8,TOTAL FRUITS (HORS VANILLE),211657,107122,31191446,291.1768450925113,123.25800784792636,NA,NA,NA,NA,0,Total fruits (hors vanille),2016-08-01,350,NA,NA,NA,350000,0,211.657
2016,7,TOTAL FRUITS (HORS VANILLE),187175,116132,32858297,282.9392157200427,122.88134849134424,NA,NA,NA,NA,0,Total fruits (hors vanille),2016-07-01,350,NA,NA,NA,350000,0,187.175
2016,12,TOTAL FRUITS (HORS VANILLE),560470,235105,65460570,278.4312115863125,108.91481954928,NA,NA,NA,NA,0,Total fruits (hors vanille),2016-12-01,460,NA,NA,NA,460000,0,560.47
2016,11,TOTAL FRUITS (HORS VANILLE),509989,89530,25528523,285.1393164302468,105.08796048640583,NA,NA,NA,NA,0,Total fruits (hors vanille),2016-11-01,420,NA,NA,NA,420000,0,509.989
2016,6,TOTAL FRUITS (HORS VANILLE),184817,104222,26717790,256.35460843200093,105.06536092501092,NA,NA,NA,NA,0,Total fruits (hors vanille),2016-06-01,350,NA,NA,NA,350000,0,184.817
2016,5,TOTAL FRUITS (HORS VANILLE),286561,86082,21551337,250.3582282010176,95.4304145836408,NA,NA,NA,NA,0,Total fruits (hors vanille),2016-05-01,390,NA,NA,NA,390000,0,286.561
2016,2,TOTAL FRUITS (HORS VANILLE),338224,167097,43797109,262.10589657504323,92.81639864896104,NA,NA,NA,NA,0,Total fruits (hors vanille),2016-02-01,345,NA,NA,NA,345000,0,338.224
2017,12,TOTAL FRUITS (HORS VANILLE),623192,266256,81594269,306.45044243134424,97.9389658984776,NA,NA,NA,NA,0,Total fruits (hors vanille),2017-12-01,450,NA,NA,NA,450000,0,623.192
2017,6,TOTAL FRUITS (HORS VANILLE),161425.5,139401,38367623,275.2320499852942,103.8600509839482,NA,NA,NA,NA,0,Total fruits (hors vanille),2017-06-01,350,NA,NA,NA,350000,0,161.4255
2017,7,TOTAL FRUITS (HORS VANILLE),143805.6,104855,28768803,274.3674884364122,106.41380142157485,NA,NA,NA,NA,0,Total fruits (hors vanille),2017-07-01,350,NA,NA,NA,350000,0,143.8056
2017,2,TOTAL FRUITS (HORS VANILLE),266581.7,133336,34437449,258.27570198596027,101.75075858708844,NA,NA,NA,NA,0,Total fruits (hors vanille),2017-02-01,345,NA,NA,NA,345000,0,266.5817
2017,10,TOTAL FRUITS (HORS VANILLE),285710,94852,24932865,262.8607198583056,109.54007408120628,NA,NA,NA,NA,0,Total fruits (hors vanille),2017-10-01,380,NA,NA,NA,380000,0,285.71
2018,8,TOTAL FRUITS (HORS VANILLE),242447.9,15934,4543955,285.17352830425506,121.63837261462332,NA,NA,NA,NA,0,Total fruits (hors vanille),2018-08-01,350,NA,NA,NA,350000,0,242.4479
2018,9,TOTAL FRUITS (HORS VANILLE),264990.5,43215.3,12516737,289.63670274185296,109.4044767128367,NA,NA,NA,NA,0,Total fruits (hors vanille),2018-09-01,350,NA,NA,NA,350000,0,264.9905
2018,7,TOTAL FRUITS (HORS VANILLE),265135,61269.6,17733765,289.43823690704687,131.6951774353654,NA,NA,NA,NA,0,Total fruits (hors vanille),2018-07-01,350,NA,NA,NA,350000,0,265.135
2018,1,TOTAL FRUITS (HORS VANILLE),290143.5,127367,33871111,265.9331773536316,105.148225983459,NA,NA,NA,NA,0,Total fruits (hors vanille),2018-01-01,455,NA,NA,NA,455000,0,290.1435
2018,4,TOTAL FRUITS (HORS VANILLE),214321,132564.5,37190813,280.5488120877007,109.45720902275822,NA,NA,NA,NA,0,Total fruits (hors vanille),2018-04-01,350,NA,NA,NA,350000,0,214.321
2018,6,TOTAL FRUITS (HORS VANILLE),269500.3,124409.7,37793883,303.78566140743044,112.05615858317468,NA,NA,NA,NA,0,Total fruits (hors vanille),2018-06-01,350,NA,NA,NA,350000,0,269.5003
2019,4,TOTAL FRUITS (HORS VANILLE),276599,118525.7,40291903,339.9423331817488,103.51352437589269,NA,NA,NA,NA,0,Total fruits (hors vanille),2019-04-01,390,NA,NA,NA,390000,0,276.599
2019,10,TOTAL FRUITS (HORS VANILLE),361186,48996,16101590,328.63070454730996,111.63430010380274,NA,NA,NA,NA,0,Total fruits (hors vanille),2019-10-01,345,NA,NA,NA,345000,0,361.186
2019,12,TOTAL FRUITS (HORS VANILLE),766975,97728.1,29047870.5,297.2315076216564,100.16125610231198,NA,NA,NA,NA,0,Total fruits (hors vanille),2019-12-01,405,NA,NA,NA,405000,0,766.975
2020,6,TOTAL FRUITS (HORS VANILLE),311735,60594.7,19590602,323.30553662283995,90.19037285410144,110.82975523752224,NA,NA,NA,0,Total fruits (hors vanille),2020-06-01,350,NA,NA,NA,350000,0,311.735
2020,5,TOTAL FRUITS (HORS VANILLE),362922,74486.9,23156899.3,310.88552886480716,90.09564937569294,103.50673019207056,NA,NA,NA,0,Total fruits (hors vanille),2020-05-01,390,NA,NA,NA,390000,0,362.922
2020,9,TOTAL FRUITS (HORS VANILLE),428267,57778.100000000006,19705666,341.0577017935861,96.21506991380636,115.16870618601853,NA,NA,NA,0,Total fruits (hors vanille),2020-09-01,310,NA,NA,NA,310000,0,428.267
2021,3,TOTAL FRUITS (HORS VANILLE),263353,119639.3,35135486,293.67846518660673,90.3315896039348,93.32072813914746,2021-03-16,2021-04-15,204.12,0,Total fruits (hors vanille),2021-03-01,350,"Cyclone tropical
très intense","Niran
(Cyclone
tropical
très
intense)",Niran,350000,0,263.353
2022,10,TOTAL FRUITS (HORS VANILLE),118486,59220.600000000006,22625209,382.04964150988,105.48441955420058,121.68012105600457,2022-10-16,2022-11-15,507.65,160.388,Total fruits (hors vanille),2022-10-01,469,NA,NA,NA,469000,160388,118.486
2022,1,TOTAL FRUITS (HORS VANILLE),206517,81878.75,31675131,386.8541104987558,99.2490297063308,124.6431657513112,2022-01-16,2022-02-15,364.4,128.85099999999997,Total fruits (hors vanille),2022-01-01,469,NA,NA,NA,469000,128850.99999999997,206.517
2022,2,TOTAL FRUITS (HORS VANILLE),190934,60449.350000000006,23307196,385.5657008718869,104.56259459797404,123.4870176204836,2022-02-16,2022-03-15,441.9,173.525,Total fruits (hors vanille),2022-02-01,469,"Cyclone tropical
intense","Dovi
(Cyclone
tropical
intense)",Dovi,469000,173525,190.934
2022,11,TOTAL FRUITS (HORS VANILLE),332435,84343.6,31212522,370.063905263707,104.90316913938057,114.896235821809,2022-11-16,2022-12-15,505.4000000000001,163.34099999999998,Total fruits (hors vanille),2022-11-01,469,NA,NA,NA,469000,163340.99999999997,332.435
2023,3,TOTAL FRUITS (HORS VANILLE),247988,104622.5,36761578,351.3735381968506,101.218045636527,112.68787692943232,2023-03-16,2023-04-15,271.02,73.796,Total fruits (hors vanille),2023-03-01,469,NA,NA,NA,469000,73796,247.988
2023,6,TOTAL FRUITS (HORS VANILLE),195517,64261.45,20644849,321.26335462396196,99.21649085028542,105.22375808949803,2023-06-16,2023-07-15,211.61,107.886,Total fruits (hors vanille),2023-06-01,469,NA,NA,NA,469000,107886,195.517
2023,1,TOTAL FRUITS (HORS VANILLE),230952,106547.60000000002,37590820,352.8077591611636,100.60401560765384,114.167808123987,2023-01-16,2023-02-15,528.9200000000001,154.48000000000002,Total fruits (hors vanille),2023-01-01,469,NA,NA,NA,469000,154480.00000000003,230.952
2023,7,TOTAL FRUITS (HORS VANILLE),0,50883.8,17155566,337.15182435274096,NA,NA,NA,NA,NA,0,Total fruits (hors vanille),2023-07-01,469,NA,NA,NA,469000,0,0
2012,5,TOTAL LEGUMES,478444.4,187734.39421962,56826095.5,302.69411066744823,94.5267259591474,NA,NA,NA,NA,0,Total legumes,2012-05-01,459,NA,NA,NA,459000,0,478.44440000000003
2012,1,TOTAL LEGUMES,343850,296417,89563638,302.15418818758707,98.80399125314584,NA,NA,NA,NA,0,Total legumes,2012-01-01,724,NA,NA,NA,724000,0,343.85
2012,8,TOTAL LEGUMES,760920.5,377513.6325242879,106359231.5,281.73613437166995,88.1903466488601,NA,NA,NA,NA,0,Total legumes,2012-08-01,737,NA,NA,NA,737000,0,760.9205
2012,6,TOTAL LEGUMES,530489,315026.6214444847,97550763,309.65879185924865,89.77234888088692,NA,NA,NA,NA,0,Total legumes,2012-06-01,569,NA,NA,NA,569000,0,530.489
2012,7,TOTAL LEGUMES,695159.7000000001,351144.49865231314,111428384.900146,317.3291489053832,89.64679314818638,NA,NA,NA,NA,0,Total legumes,2012-07-01,737,NA,NA,NA,737000,0,695.1597
2012,9,TOTAL LEGUMES,850450,517984.91613945394,116710464,225.31633714325912,84.39856352130376,NA,NA,NA,NA,0,Total legumes,2012-09-01,737,NA,NA,NA,737000,0,850.45
2012,3,TOTAL LEGUMES,382093.4,228927.41979300277,64528165,281.8717175004491,95.30517150189075,NA,NA,NA,NA,0,Total legumes,2012-03-01,459,NA,NA,NA,459000,0,382.09340000000003
2013,1,TOTAL LEGUMES,468893.1999999999,399847,117647759,294.2319412175157,97.15502596367874,NA,NA,NA,NA,0,Total legumes,2013-01-01,732,"Cyclone tropical
intense","Freda
(Cyclone
tropical
intense)",Freda,732000,0,468.8931999999999
2013,6,TOTAL LEGUMES,566462,284778.60352511,93912137.175176,329.7724478338325,100.20184507721189,NA,NA,NA,NA,0,Total legumes,2013-06-01,587,NA,NA,NA,587000,0,566.462
2013,11,TOTAL LEGUMES,837099.4,471199,114163916,242.28386732569467,84.09722976282247,NA,NA,NA,NA,0,Total legumes,2013-11-01,732,NA,NA,NA,732000,0,837.0994000000001
2013,5,TOTAL LEGUMES,578449.2,219305.7922278991,74092469.35159999,337.8500339589949,99.86702979001043,NA,NA,NA,NA,0,Total legumes,2013-05-01,724,NA,NA,NA,724000,0,578.4491999999999
2013,8,TOTAL LEGUMES,607738.5,344312.6254548612,124843827.859888,362.58858557672846,97.9334715064221,NA,NA,NA,NA,0,Total legumes,2013-08-01,737,NA,NA,NA,737000,0,607.7385
2014,5,TOTAL LEGUMES,600101.2,246471,73504320,298.2270530812956,92.5513157646589,NA,NA,NA,NA,0,Total legumes,2014-05-01,569,NA,NA,NA,569000,0,600.1012
2014,1,TOTAL LEGUMES,500010.8,325257,108405883,333.2930052235617,90.80190588903136,NA,NA,NA,NA,0,Total legumes,2014-01-01,724,NA,NA,NA,724000,0,500.01079999999996
2015,5,TOTAL LEGUMES,527445.6,189821,67690343,356.6009187603058,91.09486926533262,NA,NA,NA,NA,0,Total legumes,2015-05-01,577,NA,NA,NA,577000,0,527.4456
2015,8,TOTAL LEGUMES,1021426.15,358040,95312090,266.20514467657244,85.46997244034839,NA,NA,NA,NA,0,Total legumes,2015-08-01,737,NA,NA,NA,737000,0,1021.42615
2015,9,TOTAL LEGUMES,1019238,483204.1,115491903,239.01267187095476,85.58715779086889,NA,NA,NA,NA,0,Total legumes,2015-09-01,737,NA,NA,NA,737000,0,1019.238
2015,7,TOTAL LEGUMES,806016.1,270535,78988007,291.9696416360175,86.91804855749461,NA,NA,NA,NA,0,Total legumes,2015-07-01,587,NA,NA,NA,587000,0,806.0160999999999
2015,2,TOTAL LEGUMES,329845.25,148537,58603898,394.5407406908717,101.0891055882957,NA,NA,NA,NA,0,Total legumes,2015-02-01,574,NA,NA,NA,574000,0,329.84525
2016,6,TOTAL LEGUMES,676781.1000000001,203227,65334541,321.4855358785988,90.92746162173192,NA,NA,NA,NA,0,Total legumes,2016-06-01,582,NA,NA,NA,582000,0,676.7811
2016,5,TOTAL LEGUMES,451045.65,117738,39950277,339.3150639555623,94.12494761450569,NA,NA,NA,NA,0,Total legumes,2016-05-01,569,NA,NA,NA,569000,0,451.04565
2016,11,TOTAL LEGUMES,940311,230474,62688681,271.9989282955995,87.01849314365505,NA,NA,NA,NA,0,Total legumes,2016-11-01,732,NA,NA,NA,732000,0,940.311
2017,4,TOTAL LEGUMES,336755.80000000005,112151.25,48465713,432.1459903478561,101.47414316857736,NA,NA,NA,NA,0,Total legumes,2017-04-01,459,NA,NA,NA,459000,0,336.7558
2017,1,TOTAL LEGUMES,534079.5500000002,304060,101826443,334.8893080313096,99.66614061768956,NA,NA,NA,NA,0,Total legumes,2017-01-01,724,NA,NA,NA,724000,0,534.0795500000002
2017,6,TOTAL LEGUMES,540004.4,221217,85163646,384.9778543240347,104.65488839699108,NA,NA,NA,NA,0,Total legumes,2017-06-01,582,NA,NA,NA,582000,0,540.0044
2018,12,TOTAL LEGUMES,843802.2000000001,134476.15000000002,47033638,349.75449549975957,94.64391130966791,NA,NA,NA,NA,0,Total legumes,2018-12-01,724,NA,NA,NA,724000,0,843.8022000000001
2018,5,TOTAL LEGUMES,575359.7,197388.94999999995,77715001,393.71505345157374,103.04777501842416,NA,NA,NA,NA,0,Total legumes,2018-05-01,587,NA,NA,NA,587000,0,575.3597
2018,9,TOTAL LEGUMES,1280188.8,192757.54999999993,53738192,278.7864444220214,86.55812212375307,NA,NA,NA,NA,0,Total legumes,2018-09-01,737,NA,NA,NA,737000,0,1280.1888000000001
2018,7,TOTAL LEGUMES,907600.4,145113.3,46510305,320.51028403323477,92.59316767555907,NA,NA,NA,NA,0,Total legumes,2018-07-01,582,NA,NA,NA,582000,0,907.6004
2018,11,TOTAL LEGUMES,964890.4,180691.25,51854859,286.98046529646564,87.83042021511855,NA,NA,NA,NA,0,Total legumes,2018-11-01,729,NA,NA,NA,729000,0,964.8904
2018,3,TOTAL LEGUMES,425359.4,160411.75,76605957,477.5582649026646,110.212822164535,NA,NA,NA,NA,0,Total legumes,2018-03-01,737,"Cyclone tropical
intense","Hola
(Cyclone
tropical
intense)",Hola,737000,0,425.35940000000005
2018,10,TOTAL LEGUMES,1264185.6,243546.75,55869137,229.39799853621537,84.32323008168343,NA,NA,NA,NA,0,Total legumes,2018-10-01,737,NA,NA,NA,737000,0,1264.1856
2018,4,TOTAL LEGUMES,494295.9,171947.44999999998,79960330,465.0277163168166,111.84504668964206,NA,NA,NA,NA,0,Total legumes,2018-04-01,579,NA,NA,NA,579000,0,494.2959
2019,2,TOTAL LEGUMES,384601.9,134819.3,44654903,331.2204039035954,94.2923552581064,NA,NA,NA,NA,0,Total legumes,2019-02-01,579,NA,NA,NA,579000,0,384.6019
2020,11,TOTAL LEGUMES,910839,239361.14000000004,77886357,325.392655633241,94.13956047919444,87.2894010920788,NA,NA,NA,0,Total legumes,2020-11-01,724,NA,NA,NA,724000,0,910.839
2020,1,TOTAL LEGUMES,763736.5,208161,72124804,346.48567214800084,98.83345502326694,99.4167006138312,NA,NA,NA,0,Total legumes,2020-01-01,724,NA,NA,NA,724000,0,763.7365
2020,12,TOTAL LEGUMES,774353,266373.11,96305927,361.5452287958045,108.02206384325514,99.11932853454412,2020-12-16,2021-01-15,343.384,80.31700000000001,Total legumes,2020-12-01,724,"Cyclone tropical
très intense","Yasa
(Cyclone
tropical
très
intense)",Yasa,724000,80317,774.353
2020,9,TOTAL LEGUMES,1143890.9,304968.68,88264350,289.42103169413986,89.1970134291247,76.78856924334396,NA,NA,NA,0,Total legumes,2020-09-01,737,NA,NA,NA,737000,0,1143.8908999999999
2020,4,TOTAL LEGUMES,483616,157866.65,63700406,403.507681958159,99.67588523089712,111.05762209010936,NA,NA,NA,0,Total legumes,2020-04-01,569,"Cyclone tropical
très intense","Harold
(Cyclone
tropical
très
intense)",Harold,569000,0,483.616
2020,2,TOTAL LEGUMES,424659,59983.850000000006,23648747,394.251902803838,97.95519779623156,115.0444686748305,NA,NA,NA,0,Total legumes,2020-02-01,569,NA,NA,NA,569000,0,424.659
2020,6,TOTAL LEGUMES,756125.5,88572.70000000003,35029796,395.49201955004185,100.83403272835145,112.07010392207788,NA,NA,NA,0,Total legumes,2020-06-01,582,NA,NA,NA,582000,0,756.1255
2020,3,TOTAL LEGUMES,435252,125157.6,53938494,430.9645918426049,103.7076921207433,120.50736956038348,NA,NA,NA,0,Total legumes,2020-03-01,569,NA,NA,NA,569000,0,435.252
2021,10,TOTAL LEGUMES,979808.2,347528.3,92631498,266.54375485392126,83.10870334285713,75.01594574724213,2021-10-16,2021-11-15,153.24,0,Total legumes,2021-10-01,737,NA,NA,NA,737000,0,979.8081999999999
2021,8,TOTAL LEGUMES,913498.5,330275.17,105561263,319.616103747672,102.09740643508128,89.59413575565277,2021-08-16,2021-09-15,147.56000000000006,0,Total legumes,2021-08-01,737,NA,NA,NA,737000,0,913.4985
2021,9,TOTAL LEGUMES,1007242,328391.01999999996,94040522,286.36752003754555,91.50398502335835,76.64321232223142,2021-09-16,2021-10-15,120.79999999999998,0,Total legumes,2021-09-01,737,NA,NA,NA,737000,0,1007.242
2021,2,TOTAL LEGUMES,239374.1,86589.28000000001,50546154,583.7460942047329,128.31626684294167,146.20465599795284,2021-02-16,2021-03-15,1089.5599999999995,0,Total legumes,2021-02-01,574,NA,NA,NA,574000,0,239.3741
2021,7,TOTAL LEGUMES,752065,258512.83,101397939,392.2356155398554,111.30026902271136,104.3949924078991,2021-07-16,2021-08-15,305.49000000000007,0,Total legumes,2021-07-01,587,NA,NA,NA,587000,0,752.065
2021,1,TOTAL LEGUMES,385555.5,127398,58533286,459.4521578046751,111.82830147650036,119.08526424787078,2021-01-16,2021-02-15,885.7810000000001,637.8959999999998,Total legumes,2021-01-01,724,NA,NA,NA,724000,637895.9999999999,385.5555
2021,11,TOTAL LEGUMES,803566.5,383608.69,123249768,321.2903440743222,96.93799991900362,88.34764842408698,2021-11-16,2021-12-15,265.44,3.42,Total legumes,2021-11-01,732,NA,NA,NA,732000,3420,803.5665
2021,3,TOTAL LEGUMES,291026.4,134323.6,77028345,573.4535479990113,131.30841252542515,151.53348188394597,2021-03-16,2021-04-15,1233.42,0,Total legumes,2021-03-01,459,"Cyclone tropical
très intense","Niran
(Cyclone
tropical
très
intense)",Niran,459000,0,291.0264
2022,12,TOTAL LEGUMES,516121.3,132458.19,61910778,467.3986410353334,129.9176728450207,121.38579491640029,2022-12-16,2023-01-15,710.475,416.516,Total legumes,2022-12-01,751,NA,NA,NA,751000,416516,516.1213
2022,11,TOTAL LEGUMES,680657,188186.00000000003,74621877,396.5325635275737,114.1096882746976,105.54413672027208,2022-11-16,2022-12-15,560.0999999999999,252.198,Total legumes,2022-11-01,751,NA,NA,NA,751000,252198,680.657
2022,9,TOTAL LEGUMES,383316,187022.15,83816880,448.1655247787495,128.83162853017382,131.5313255381288,2022-09-16,2022-10-15,516.6600000000001,248.371,Total legumes,2022-09-01,751,NA,NA,NA,751000,248371,383.316
2023,3,TOTAL LEGUMES,481054.4,130921.09999999998,63958921,488.5302751046242,136.29820888265604,128.19184814056982,2023-03-16,2023-04-15,902.2000000000002,343.218,Total legumes,2023-03-01,751,NA,NA,NA,751000,343218,481.05440000000004
2023,4,TOTAL LEGUMES,490524.1,112596.16,53606841,476.09830566157854,133.2204603691597,128.39590615656695,2023-04-16,2023-05-15,878.675,247.07599999999996,Total legumes,2023-04-01,751,NA,NA,NA,751000,247075.99999999997,490.5241
2023,7,TOTAL LEGUMES,0,157300.91999999998,68282358,434.0874675113153,NA,NA,NA,NA,NA,0,Total legumes,2023-07-01,751,NA,NA,NA,751000,0,0
2012,4,TOTAL FRUITS (HORS VANILLE),318298,175644.169922,41475049,236.1310883157592,87.90476063913046,NA,NA,NA,NA,0,Total fruits (hors vanille),2012-04-01,390,NA,NA,NA,390000,0,318.298
2012,7,TOTAL FRUITS (HORS VANILLE),324350.6,229452.6186504,53896558.1875,234.891885324779,93.83337891173272,NA,NA,NA,NA,0,Total fruits (hors vanille),2012-07-01,350,NA,NA,NA,350000,0,324.3506
2012,9,TOTAL FRUITS (HORS VANILLE),385033,153545.219359,39906896.0938,259.9032145735176,96.26659835525308,NA,NA,NA,NA,0,Total fruits (hors vanille),2012-09-01,350,NA,NA,NA,350000,0,385.033
2012,12,TOTAL FRUITS (HORS VANILLE),642573.5,216799.5706043,53316470.5,245.92516650926672,87.46783578549523,NA,NA,NA,NA,0,Total fruits (hors vanille),2012-12-01,415,NA,NA,NA,415000,0,642.5735
2012,8,TOTAL FRUITS (HORS VANILLE),368025,161883.340094,38700685.625,239.06527751730263,91.55082321084518,NA,NA,NA,NA,0,Total fruits (hors vanille),2012-08-01,350,NA,NA,NA,350000,0,368.025
2012,3,TOTAL FRUITS (HORS VANILLE),325505,195465.1196552,43945541,224.8254884427453,82.22473754187239,NA,NA,NA,NA,0,Total fruits (hors vanille),2012-03-01,390,NA,NA,NA,390000,0,325.505
2013,6,TOTAL FRUITS (HORS VANILLE),395251,192955.69930910497,47420465.447298,245.75830419672076,94.8729587358993,NA,NA,NA,NA,0,Total fruits (hors vanille),2013-06-01,399,NA,NA,NA,399000,0,395.251
2013,4,TOTAL FRUITS (HORS VANILLE),348000,188512.797525564,47064914.90039,249.6642961017413,89.81819017056752,NA,NA,NA,NA,0,Total fruits (hors vanille),2013-04-01,350,NA,NA,NA,350000,0,348
2014,7,TOTAL FRUITS (HORS VANILLE),378591,153282,44762685,292.0283203507261,91.37002671968578,NA,NA,NA,NA,0,Total fruits (hors vanille),2014-07-01,390,NA,NA,NA,390000,0,378.591
2014,6,TOTAL FRUITS (HORS VANILLE),383121,187702,51246249,273.01919532024164,97.42670917352596,NA,NA,NA,NA,0,Total fruits (hors vanille),2014-06-01,350,NA,NA,NA,350000,0,383.121
2014,9,TOTAL FRUITS (HORS VANILLE),294869,148007,42795761,289.1468714317566,103.34779425899654,NA,NA,NA,NA,0,Total fruits (hors vanille),2014-09-01,390,NA,NA,NA,390000,0,294.869
2014,10,TOTAL FRUITS (HORS VANILLE),359352.5,182431,51356897,281.5140902587828,111.08437744319288,NA,NA,NA,NA,0,Total fruits (hors vanille),2014-10-01,390,NA,NA,NA,390000,0,359.3525
2014,2,TOTAL FRUITS (HORS VANILLE),263452,134283,32660718,243.2230289761176,90.91803549178724,NA,NA,NA,NA,0,Total fruits (hors vanille),2014-02-01,390,NA,NA,NA,390000,0,263.452
2015,2,TOTAL FRUITS (HORS VANILLE),268936,123106,30791605,250.1226991373288,93.89364440878585,NA,NA,NA,NA,0,Total fruits (hors vanille),2015-02-01,350,NA,NA,NA,350000,0,268.936
2015,6,TOTAL FRUITS (HORS VANILLE),321950,170919,44996057,263.2595381437991,98.20262744808508,NA,NA,NA,NA,0,Total fruits (hors vanille),2015-06-01,350,NA,NA,NA,350000,0,321.95
2015,11,TOTAL FRUITS (HORS VANILLE),535557,156500,44636572,285.2177124600639,111.11451019171945,NA,NA,NA,NA,0,Total fruits (hors vanille),2015-11-01,420,NA,NA,NA,420000,0,535.557
2015,8,TOTAL FRUITS (HORS VANILLE),263113,136462,36202852,265.2962143307294,117.20885858121784,NA,NA,NA,NA,0,Total fruits (hors vanille),2015-08-01,350,NA,NA,NA,350000,0,263.113
2016,4,TOTAL FRUITS (HORS VANILLE),293720.3,192385,48478630,251.9875769940484,95.33248315092946,NA,NA,NA,NA,0,Total fruits (hors vanille),2016-04-01,350,NA,NA,NA,350000,0,293.7203
2016,9,TOTAL FRUITS (HORS VANILLE),313466,117508,36559377,311.12245123736255,113.8867230561637,NA,NA,NA,NA,0,Total fruits (hors vanille),2016-09-01,350,NA,NA,NA,350000,0,313.466
2017,11,TOTAL FRUITS (HORS VANILLE),551798,193891,53011684,273.4097198941673,105.23109104190704,NA,NA,NA,NA,0,Total fruits (hors vanille),2017-11-01,420,NA,NA,NA,420000,0,551.798
2017,3,TOTAL FRUITS (HORS VANILLE),279089,188448,50474766,267.84453005603666,100.7413115114484,NA,NA,NA,NA,0,Total fruits (hors vanille),2017-03-01,390,NA,NA,NA,390000,0,279.089
2017,8,TOTAL FRUITS (HORS VANILLE),199031,91292,24794165,271.5918700433773,132.98335243487617,NA,NA,NA,NA,0,Total fruits (hors vanille),2017-08-01,350,NA,NA,NA,350000,0,199.031
2018,10,TOTAL FRUITS (HORS VANILLE),356373.1,67324.2,21033324,312.41847656563317,108.76415580664714,NA,NA,NA,NA,0,Total fruits (hors vanille),2018-10-01,310,NA,NA,NA,310000,0,356.37309999999997
2018,5,TOTAL FRUITS (HORS VANILLE),260335,134757.6,38584804,286.327479860134,112.17668957728095,NA,NA,NA,NA,0,Total fruits (hors vanille),2018-05-01,390,NA,NA,NA,390000,0,260.335
2019,5,TOTAL FRUITS (HORS VANILLE),347776,105847,34342550,324.4546373539165,106.51926604141784,NA,NA,NA,NA,0,Total fruits (hors vanille),2019-05-01,350,NA,NA,NA,350000,0,347.776
2019,2,TOTAL FRUITS (HORS VANILLE),266006.7,93939,26241024,279.34110433366334,101.0426389967141,NA,NA,NA,NA,0,Total fruits (hors vanille),2019-02-01,460,NA,NA,NA,460000,0,266.0067
2019,11,TOTAL FRUITS (HORS VANILLE),662703,65548,21230065,323.8857783608958,103.3929933817864,NA,NA,NA,NA,0,Total fruits (hors vanille),2019-11-01,420,NA,NA,NA,420000,0,662.703
2020,12,TOTAL FRUITS (HORS VANILLE),655276,189889.9,60555886,318.89998362208837,93.0804192446992,103.76863692008132,2020-12-16,2021-01-15,273.32000000000005,0,Total fruits (hors vanille),2020-12-01,415,"Cyclone tropical
très intense","Yasa
(Cyclone
tropical
très
intense)",Yasa,415000,0,655.276
2020,7,TOTAL FRUITS (HORS VANILLE),236647,50408.5,17309005,343.3747284684131,92.18914940631753,113.652835157675,NA,NA,NA,0,Total fruits (hors vanille),2020-07-01,350,NA,NA,NA,350000,0,236.647
2020,2,TOTAL FRUITS (HORS VANILLE),379861,62312.47,15808741,253.70108101957763,88.92929996153708,78.69408793346173,NA,NA,NA,0,Total fruits (hors vanille),2020-02-01,350,NA,NA,NA,350000,0,379.861
2020,10,TOTAL FRUITS (HORS VANILLE),425794,101600.9,35852205,352.8729076218813,95.9375804661282,117.48526488885317,NA,NA,NA,0,Total fruits (hors vanille),2020-10-01,350,NA,NA,NA,350000,0,425.794
2020,8,TOTAL FRUITS (HORS VANILLE),337610,52828.8,17160161,324.82587149433647,92.2966794699416,109.96455478425796,NA,NA,NA,0,Total fruits (hors vanille),2020-08-01,350,NA,NA,NA,350000,0,337.61
2020,1,TOTAL FRUITS (HORS VANILLE),518508,122975,30942250,251.6141492173206,89.60737022221494,82.95210641990496,NA,NA,NA,0,Total fruits (hors vanille),2020-01-01,415,NA,NA,NA,415000,0,518.508
2021,10,TOTAL FRUITS (HORS VANILLE),466290,103413.7,28509160,275.68068834206684,102.4324227432298,89.63550793525593,2021-10-16,2021-11-15,357.90000000000003,0,Total fruits (hors vanille),2021-10-01,345,NA,NA,NA,345000,0,466.29
2021,2,TOTAL FRUITS (HORS VANILLE),314383,122141.3,33152865,271.43042525337455,90.00525639092629,84.6496921490996,2021-02-16,2021-03-15,318.665,0,Total fruits (hors vanille),2021-02-01,390,NA,NA,NA,390000,0,314.383
2021,7,TOTAL FRUITS (HORS VANILLE),225031,82880.90000000001,28298720,341.4383772376989,100.9501280830357,111.41329329641847,2021-07-16,2021-08-15,256.295,0,Total fruits (hors vanille),2021-07-01,350,NA,NA,NA,350000,0,225.031
2021,6,TOTAL FRUITS (HORS VANILLE),290057,69899.85,24091291,344.65440197654215,99.15421489722688,113.20009858346236,2021-06-16,2021-07-15,192.44,0,Total fruits (hors vanille),2021-06-01,350,NA,NA,NA,350000,0,290.057
2021,11,TOTAL FRUITS (HORS VANILLE),492887,196494.1,56410309,287.0839836921312,103.60818945290666,93.30783194384772,2021-11-16,2021-12-15,420.1,0,Total fruits (hors vanille),2021-11-01,410,NA,NA,NA,410000,0,492.887
2021,12,TOTAL FRUITS (HORS VANILLE),437170,143063.4,45908570,320.8966793743194,100,104.1680165250052,2021-12-01,2021-12-31,411.5100000000001,115.775,Total fruits (hors vanille),2021-12-01,420,NA,NA,NA,420000,115775,437.17
2021,5,TOTAL FRUITS (HORS VANILLE),253082,82844.5,30903533,373.03059346124365,98.925001826703,121.88644838929444,2021-05-16,2021-06-15,166.448,0,Total fruits (hors vanille),2021-05-01,350,NA,NA,NA,350000,0,253.082
2022,9,TOTAL FRUITS (HORS VANILLE),211124,45539.35,18143630,398.41653427200873,106.67371695771097,130.61195432035404,2022-09-16,2022-10-15,518.4150000000001,200.751,Total fruits (hors vanille),2022-09-01,469,NA,NA,NA,469000,200751,211.124
2022,6,TOTAL FRUITS (HORS VANILLE),243834,73130.98999999999,28368619,387.9151506085177,106.79422688837256,127.23149948068097,2022-06-16,2022-07-15,162.6,43.121,Total fruits (hors vanille),2022-06-01,469,NA,NA,NA,469000,43121,243.834
2022,5,TOTAL FRUITS (HORS VANILLE),277190,79757.7,31522803,395.23209671291926,104.72579258612184,130.14721258124663,2022-05-16,2022-06-15,268.95,86.989,Total fruits (hors vanille),2022-05-01,469,NA,NA,NA,469000,86989,277.19
2023,4,TOTAL FRUITS (HORS VANILLE),213369,94276.46,28662328,304.02422831744,100.23234344876607,98.3880116043872,2023-04-16,2023-05-15,277.614,50.659000000000006,Total fruits (hors vanille),2023-04-01,469,NA,NA,NA,469000,50659.00000000001,213.369
