geo_pict,time_period,imports_t,type,obs_value,Name,import_hab_kg
PF,1995,4982,Légumes et tubercules,215200,Polynésie Française,23.150557620817843
PF,1996,5583,Légumes et tubercules,219600,Polynésie Française,25.423497267759565
PF,1997,5721,Légumes et tubercules,224000,Polynésie Française,25.540178571428573
PF,1998,6206,Légumes et tubercules,228500,Polynésie Française,27.159737417943106
PF,1999,5936,Légumes et tubercules,232900,Polynésie Française,25.487333619579218
PF,2000,6955,Légumes et tubercules,237300,Polynésie Française,29.308891698272227
PF,2001,6333,Légumes et tubercules,240800,Polynésie Française,26.299833887043192
PF,2002,6009,Légumes et tubercules,244300,Polynésie Française,24.59680720425706
PF,2003,7498,Légumes et tubercules,247900,Polynésie Française,30.24606696248487
PF,2004,8030,Légumes et tubercules,251400,Polynésie Française,31.94112967382657
PF,2005,7172,Légumes et tubercules,254900,Polynésie Française,28.13652412710867
PF,2006,8743,Légumes et tubercules,257500,Polynésie Française,33.953398058252425
PF,2007,9040,Légumes et tubercules,260100,Polynésie Française,34.75586312956555
PF,2008,8989,Légumes et tubercules,262600,Polynésie Française,34.23076923076923
PF,2009,9423,Légumes et tubercules,265200,Polynésie Française,35.5316742081448
PF,2010,9072,Légumes et tubercules,267800,Polynésie Française,33.87602688573562
PF,2011,9226,Légumes et tubercules,269000,Polynésie Française,34.29739776951673
PF,2012,8701,Légumes et tubercules,270100,Polynésie Française,32.21399481673454
PF,2013,9022,Légumes et tubercules,271300,Polynésie Française,33.25469959454479
PF,2014,9175,Légumes et tubercules,272400,Polynésie Française,33.68208516886931
PF,2015,8593,Légumes et tubercules,273600,Polynésie Française,31.407163742690056
PF,2016,8258,Légumes et tubercules,274700,Polynésie Française,30.061885693483802
PF,2017,7825,Légumes et tubercules,275899,Polynésie Française,28.361828060268433
PF,2018,9362,Légumes et tubercules,276908,Polynésie Française,33.80906293787106
TK,1998,4,Fruits,1538,Tokelau,2.6007802340702213
TK,2001,11,Fruits,1482,Tokelau,7.422402159244264
TK,2002,9,Fruits,1414,Tokelau,6.364922206506365
TK,2003,23,Fruits,1346,Tokelau,17.087667161961367
TK,2004,7,Fruits,1278,Tokelau,5.477308294209703
TK,2005,7,Fruits,1210,Tokelau,5.785123966942148
TK,2006,27,Fruits,1196,Tokelau,22.5752508361204
TK,2007,4,Fruits,1182,Tokelau,3.3840947546531304
TK,2010,18,Fruits,1140,Tokelau,15.789473684210527
TK,2012,25,Fruits,1262,Tokelau,19.80982567353407
TK,2013,3,Fruits,1323,Tokelau,2.2675736961451247
TK,2015,22,Fruits,1445,Tokelau,15.22491349480969
TK,2016,2,Fruits,1504,Tokelau,1.3297872340425532
TK,2017,16,Fruits,1502,Tokelau,10.652463382157125
TK,2018,19,Fruits,1507,Tokelau,12.607830126078301
SB,1995,255,Légumes et tubercules,359200,Îles Salomon,0.70991091314031185
SB,1996,320,Légumes et tubercules,369900,Îles Salomon,0.8650986753176534
SB,1997,334,Légumes et tubercules,380600,Îles Salomon,0.8775617446137677
SB,1998,399,Légumes et tubercules,391200,Îles Salomon,1.0199386503067485
SB,1999,389,Légumes et tubercules,401900,Îles Salomon,0.9679024632993283
SB,2000,317,Légumes et tubercules,412600,Îles Salomon,0.7682985942801744
SB,2001,294,Légumes et tubercules,424100,Îles Salomon,0.6932327281301579
SB,2002,354,Légumes et tubercules,435500,Îles Salomon,0.8128587830080367
SB,2003,601,Légumes et tubercules,447000,Îles Salomon,1.3445190156599554
SB,2004,601,Légumes et tubercules,458400,Îles Salomon,1.3110820244328099
SB,2005,580,Légumes et tubercules,469900,Îles Salomon,1.2343051713130453
SB,2006,600,Légumes et tubercules,490300,Îles Salomon,1.223740566999796
SB,2007,618,Légumes et tubercules,510700,Îles Salomon,1.2101037791266889
SB,2008,505,Légumes et tubercules,531100,Îles Salomon,0.9508567124835248
SB,2009,674,Légumes et tubercules,551523,Îles Salomon,1.2220705210843428
SB,2010,617,Légumes et tubercules,565435,Îles Salomon,1.0911952744347273
SB,2011,737,Légumes et tubercules,579468,Îles Salomon,1.271856254357445
SB,2012,919,Légumes et tubercules,593614,Îles Salomon,1.5481440801598345
SB,2013,1194,Légumes et tubercules,607857,Îles Salomon,1.9642777824389617
SB,2014,1124,Légumes et tubercules,622225,Îles Salomon,1.8064205070513077
SB,2015,1164,Légumes et tubercules,636712,Îles Salomon,1.8281420799356694
SB,2016,1217,Légumes et tubercules,651348,Îles Salomon,1.8684328500279421
SB,2017,1261,Légumes et tubercules,666161,Îles Salomon,1.892935791798079
SB,2018,1487,Légumes et tubercules,681184,Îles Salomon,2.182963780711232
PG,1995,1859,Fruits,4894000,Papouasie Nouvelle-Guinée,0.3798528810788721
PG,1996,2608,Fruits,5030000,Papouasie Nouvelle-Guinée,0.5184890656063619
PG,1997,2040,Fruits,5165000,Papouasie Nouvelle-Guinée,0.39496611810261373
PG,1998,1822,Fruits,5301000,Papouasie Nouvelle-Guinée,0.34370873420109416
PG,1999,1260,Fruits,5436000,Papouasie Nouvelle-Guinée,0.23178807947019867
PG,2000,1508,Fruits,5572000,Papouasie Nouvelle-Guinée,0.2706389088298636
PG,2001,1878,Fruits,5721000,Papouasie Nouvelle-Guinée,0.3282642894598847
PG,2002,1205,Fruits,5869000,Papouasie Nouvelle-Guinée,0.20531606747316408
PG,2003,1171,Fruits,6018000,Papouasie Nouvelle-Guinée,0.19458291791292787
PG,2004,1579,Fruits,6166000,Papouasie Nouvelle-Guinée,0.2560817385663315
PG,2005,1688,Fruits,6315000,Papouasie Nouvelle-Guinée,0.26730007917656373
PG,2006,1733,Fruits,6474000,Papouasie Nouvelle-Guinée,0.26768612913191225
PG,2007,2180,Fruits,6632000,Papouasie Nouvelle-Guinée,0.3287092882991556
PG,2008,2719,Fruits,6791000,Papouasie Nouvelle-Guinée,0.4003828596672066
PG,2009,2639,Fruits,6949000,Papouasie Nouvelle-Guinée,0.379766872931357
PG,2010,2857,Fruits,7108000,Papouasie Nouvelle-Guinée,0.40194147439504785
PG,2011,3729,Fruits,7275326,Papouasie Nouvelle-Guinée,0.5125543515163444
PG,2012,5914,Fruits,7454857,Papouasie Nouvelle-Guinée,0.7933083089320158
PG,2013,6204,Fruits,7634976,Papouasie Nouvelle-Guinée,0.8125762281374558
PG,2014,4660,Fruits,7816780,Papouasie Nouvelle-Guinée,0.5961534033195255
PG,2015,5294,Fruits,8000322,Papouasie Nouvelle-Guinée,0.6617233656345332
PG,2016,5018,Fruits,8185370,Papouasie Nouvelle-Guinée,0.6130449814730428
PG,2017,5364,Fruits,8371613,Papouasie Nouvelle-Guinée,0.6407367373527658
PG,2018,5984,Fruits,8558701,Papouasie Nouvelle-Guinée,0.6991715214727094
MP,2002,84,Fruits,66950,Îles Mariannes du Nord,1.2546676624346529
MP,2003,59,Fruits,65880,Îles Mariannes du Nord,0.8955676988463873
MP,2004,65,Fruits,64810,Îles Mariannes du Nord,1.0029316463508717
MP,2005,76,Fruits,63740,Îles Mariannes du Nord,1.1923438970818951
MP,2006,140,Fruits,61750,Îles Mariannes du Nord,2.267206477732793
MP,2007,71,Fruits,59750,Îles Mariannes du Nord,1.1882845188284519
MP,2008,51,Fruits,57760,Îles Mariannes du Nord,0.8829639889196675
MP,2009,74,Fruits,55760,Îles Mariannes du Nord,1.327116212338594
MP,2010,51,Fruits,53772,Îles Mariannes du Nord,0.9484490069180986
MP,2011,72,Fruits,54159,Îles Mariannes du Nord,1.3294189331413062
MP,2012,54,Fruits,54507,Îles Mariannes du Nord,0.9906984424018933
MP,2013,88,Fruits,54840,Îles Mariannes du Nord,1.6046681254558717
TK,1997,0,Légumes et tubercules,1532,Tokelau,0
TK,2001,23,Légumes et tubercules,1482,Tokelau,15.5195681511471
TK,2002,30,Légumes et tubercules,1414,Tokelau,21.216407355021218
TK,2003,31,Légumes et tubercules,1346,Tokelau,23.031203566121842
TK,2004,25,Légumes et tubercules,1278,Tokelau,19.561815336463226
TK,2005,19,Légumes et tubercules,1210,Tokelau,15.702479338842977
TK,2006,24,Légumes et tubercules,1196,Tokelau,20.066889632107024
TK,2007,23,Légumes et tubercules,1182,Tokelau,19.4585448392555
TK,2012,6,Légumes et tubercules,1262,Tokelau,4.754358161648177
TK,2013,9,Légumes et tubercules,1323,Tokelau,6.802721088435374
TK,2016,1,Légumes et tubercules,1504,Tokelau,0.6648936170212766
TK,2017,56,Légumes et tubercules,1502,Tokelau,37.28362183754994
TK,2018,43,Légumes et tubercules,1507,Tokelau,28.533510285335105
TO,1995,198,Fruits,96080,Tonga,2.060782681099084
TO,1996,121,Fruits,96480,Tonga,1.254145936981758
TO,1997,163,Fruits,96880,Tonga,1.6824938067712634
TO,1998,291,Fruits,97280,Tonga,2.9913651315789473
TO,1999,189,Fruits,97680,Tonga,1.934889434889435
TO,2000,251,Fruits,98080,Tonga,2.559135399673736
TO,2001,202,Fruits,98660,Tonga,2.047435637543077
TO,2002,311,Fruits,99250,Tonga,3.133501259445844
TO,2003,237,Fruits,99830,Tonga,2.3740358609636383
TO,2004,182,Fruits,100420,Tonga,1.8123879705238
TO,2005,390,Fruits,101000,Tonga,3.8613861386138613
TO,2006,377,Fruits,101600,Tonga,3.7106299212598426
TO,2007,303,Fruits,102200,Tonga,2.964774951076321
TO,2008,389,Fruits,102900,Tonga,3.7803692905733723
TO,2009,460,Fruits,103500,Tonga,4.444444444444445
TO,2010,374,Fruits,104100,Tonga,3.5926993275696444
TO,2011,260,Fruits,103600,Tonga,2.5096525096525095
TO,2012,301,Fruits,103100,Tonga,2.9194956353055286
TO,2013,416,Fruits,102700,Tonga,4.050632911392405
TO,2014,380,Fruits,102200,Tonga,3.7181996086105675
TO,2015,470,Fruits,101700,Tonga,4.621435594886922
TO,2016,725,Fruits,101224,Tonga,7.162333043546984
TO,2017,807,Fruits,100793,Tonga,8.006508388479359
TO,2018,962,Fruits,100404,Tonga,9.581291582008685
VU,1995,375,Légumes et tubercules,168200,Vanuatu,2.2294887039239
VU,1996,400,Légumes et tubercules,171600,Vanuatu,2.331002331002331
VU,1997,286,Légumes et tubercules,175000,Vanuatu,1.6342857142857141
VU,1998,350,Légumes et tubercules,178300,Vanuatu,1.962983735277622
VU,1999,429,Légumes et tubercules,181700,Vanuatu,2.3610346725371487
VU,2000,639,Légumes et tubercules,185100,Vanuatu,3.452188006482982
VU,2001,609,Légumes et tubercules,190000,Vanuatu,3.205263157894737
VU,2002,516,Légumes et tubercules,194800,Vanuatu,2.648870636550308
VU,2003,503,Légumes et tubercules,199700,Vanuatu,2.5187781672508764
VU,2004,708,Légumes et tubercules,204500,Vanuatu,3.4621026894865525
VU,2005,725,Légumes et tubercules,209400,Vanuatu,3.4622731614135627
VU,2006,905,Légumes et tubercules,214800,Vanuatu,4.213221601489757
VU,2007,933,Légumes et tubercules,220200,Vanuatu,4.237057220708447
VU,2008,1030,Légumes et tubercules,225500,Vanuatu,4.567627494456763
VU,2009,1221,Légumes et tubercules,230900,Vanuatu,5.288003464703335
VU,2010,1413,Légumes et tubercules,236300,Vanuatu,5.979686838764283
VU,2011,1529,Légumes et tubercules,241700,Vanuatu,6.326023996690112
VU,2012,1286,Légumes et tubercules,247200,Vanuatu,5.202265372168285
VU,2013,1236,Légumes et tubercules,252600,Vanuatu,4.89311163895487
VU,2014,1243,Légumes et tubercules,258000,Vanuatu,4.817829457364341
VU,2015,1299,Légumes et tubercules,263500,Vanuatu,4.9297912713472485
VU,2016,1440,Légumes et tubercules,268924,Vanuatu,5.35467269563148
VU,2017,1344,Légumes et tubercules,275256,Vanuatu,4.882727351992328
VU,2018,1905,Légumes et tubercules,281669,Vanuatu,6.7632575824815655
NR,1995,134,Fruits,9970,Nauru,13.440320962888666
NR,1996,26,Fruits,9984,Nauru,2.6041666666666665
NR,1997,11,Fruits,9998,Nauru,1.1002200440088017
NR,1999,10,Fruits,10026,Nauru,0.997406742469579
NR,2000,35,Fruits,10040,Nauru,3.4860557768924303
NR,2001,60,Fruits,10050,Nauru,5.970149253731344
NR,2002,75,Fruits,10070,Nauru,7.447864945382324
NR,2003,283,Fruits,10080,Nauru,28.075396825396826
NR,2004,3,Fruits,10100,Nauru,0.297029702970297
NR,2005,225,Fruits,10110,Nauru,22.25519287833828
NR,2006,12,Fruits,10090,Nauru,1.1892963330029733
NR,2007,39,Fruits,10080,Nauru,3.869047619047619
NR,2008,15,Fruits,10060,Nauru,1.4910536779324055
NR,2009,28,Fruits,10050,Nauru,2.7860696517412937
NR,2010,32,Fruits,10030,Nauru,3.1904287138584246
NR,2011,52,Fruits,10200,Nauru,5.098039215686275
NR,2012,95,Fruits,10370,Nauru,9.161041465766635
NR,2013,436,Fruits,10540,Nauru,41.36622390891841
NR,2014,503,Fruits,10710,Nauru,46.965452847805786
NR,2015,164,Fruits,10880,Nauru,15.073529411764707
NR,2016,169,Fruits,11060,Nauru,15.280289330922242
NR,2017,233,Fruits,11230,Nauru,20.7479964381122
NR,2018,382,Fruits,11400,Nauru,33.50877192982456
WS,1995,1018,Légumes et tubercules,170200,Samoa,5.981198589894242
WS,1996,1120,Légumes et tubercules,171100,Samoa,6.5458796025715955
WS,1997,1187,Légumes et tubercules,172000,Samoa,6.901162790697675
WS,1998,1230,Légumes et tubercules,172800,Samoa,7.118055555555555
WS,1999,1401,Légumes et tubercules,173700,Samoa,8.065630397236614
WS,2000,1747,Légumes et tubercules,174600,Samoa,10.005727376861397
WS,2001,1892,Légumes et tubercules,175700,Samoa,10.76835515082527
WS,2002,2025,Légumes et tubercules,176700,Samoa,11.460101867572156
WS,2003,1887,Légumes et tubercules,177800,Samoa,10.613048368953882
WS,2004,2292,Légumes et tubercules,178800,Samoa,12.818791946308725
WS,2005,2287,Légumes et tubercules,179900,Samoa,12.712618121178432
WS,2006,2656,Légumes et tubercules,181200,Samoa,14.657836644591612
WS,2007,2621,Légumes et tubercules,182400,Samoa,14.369517543859649
WS,2008,2829,Légumes et tubercules,183700,Samoa,15.400108873162765
WS,2009,2888,Légumes et tubercules,184900,Samoa,15.619253650621957
WS,2010,2726,Légumes et tubercules,186200,Samoa,14.64017185821697
WS,2011,2863,Légumes et tubercules,187500,Samoa,15.269333333333332
WS,2012,3199,Légumes et tubercules,188900,Samoa,16.9348861831657
WS,2013,3272,Légumes et tubercules,190200,Samoa,17.20294426919033
WS,2014,3094,Légumes et tubercules,191500,Samoa,16.156657963446477
WS,2015,3446,Légumes et tubercules,192800,Samoa,17.873443983402492
WS,2016,3703,Légumes et tubercules,194183,Samoa,19.069640493761042
WS,2017,3545,Légumes et tubercules,195278,Samoa,18.1536066530792
WS,2018,3568,Légumes et tubercules,196379,Samoa,18.16894881835634
VU,1995,35,Fruits,168200,Vanuatu,0.20808561236623066
VU,1996,32,Fruits,171600,Vanuatu,0.1864801864801865
VU,1997,53,Fruits,175000,Vanuatu,0.3028571428571429
VU,1998,50,Fruits,178300,Vanuatu,0.28042624789680315
VU,1999,85,Fruits,181700,Vanuatu,0.4678040726472207
VU,2000,24,Fruits,185100,Vanuatu,0.12965964343598058
VU,2001,21,Fruits,190000,Vanuatu,0.1105263157894737
VU,2002,42,Fruits,194800,Vanuatu,0.21560574948665298
VU,2003,118,Fruits,199700,Vanuatu,0.5908863294942414
VU,2004,160,Fruits,204500,Vanuatu,0.78239608801956
VU,2005,151,Fruits,209400,Vanuatu,0.7211079274116524
VU,2006,203,Fruits,214800,Vanuatu,0.9450651769087524
VU,2007,267,Fruits,220200,Vanuatu,1.212534059945504
VU,2008,255,Fruits,225500,Vanuatu,1.130820399113082
VU,2009,308,Fruits,230900,Vanuatu,1.3339107838891293
VU,2010,250,Fruits,236300,Vanuatu,1.0579771476936097
VU,2011,345,Fruits,241700,Vanuatu,1.4273893256102606
VU,2012,318,Fruits,247200,Vanuatu,1.2864077669902911
VU,2013,283,Fruits,252600,Vanuatu,1.1203483768804434
VU,2014,247,Fruits,258000,Vanuatu,0.9573643410852712
VU,2015,401,Fruits,263500,Vanuatu,1.521821631878558
VU,2016,338,Fruits,268924,Vanuatu,1.2568606743912778
VU,2017,363,Fruits,275256,Vanuatu,1.3187723428372133
VU,2018,406,Fruits,281669,Vanuatu,1.4414081776837353
MP,2006,0,Légumes et tubercules,61750,Îles Mariannes du Nord,0
MP,2007,0,Légumes et tubercules,59750,Îles Mariannes du Nord,0
MP,2009,0,Légumes et tubercules,55760,Îles Mariannes du Nord,0
MP,2010,0,Légumes et tubercules,53772,Îles Mariannes du Nord,0
MP,2011,0,Légumes et tubercules,54159,Îles Mariannes du Nord,0
MP,2012,0,Légumes et tubercules,54507,Îles Mariannes du Nord,0
MP,2013,1,Légumes et tubercules,54840,Îles Mariannes du Nord,0.01823486506199854
PW,1996,17,Légumes et tubercules,17640,Palau,0.963718820861678
PW,1997,129,Légumes et tubercules,18020,Palau,7.158712541620422
PW,1998,65,Légumes et tubercules,18410,Palau,3.5306898424769146
PW,1999,140,Légumes et tubercules,18790,Palau,7.450771687067589
PW,2000,78,Légumes et tubercules,19180,Palau,4.0667361835245055
PW,2001,12,Légumes et tubercules,19330,Palau,0.620796689084325
PW,2002,8,Légumes et tubercules,19470,Palau,0.4108885464817668
PW,2003,37,Légumes et tubercules,19620,Palau,1.8858307849133538
PW,2004,4,Légumes et tubercules,19760,Palau,0.20242914979757085
PW,2005,3,Légumes et tubercules,19910,Palau,0.15067805123053743
PW,2006,11,Légumes et tubercules,20020,Palau,0.5494505494505495
PW,2007,1110,Légumes et tubercules,20130,Palau,55.14157973174367
PW,2008,886,Légumes et tubercules,20250,Palau,43.75308641975308
PW,2009,729,Légumes et tubercules,20360,Palau,35.80550098231827
PW,2010,846,Légumes et tubercules,20470,Palau,41.328773815339524
PW,2011,1001,Légumes et tubercules,19920,Palau,50.25100401606426
PW,2012,775,Légumes et tubercules,19370,Palau,40.01032524522458
PW,2013,896,Légumes et tubercules,18820,Palau,47.60892667375133
PW,2014,1191,Légumes et tubercules,18270,Palau,65.1888341543514
PW,2015,1113,Légumes et tubercules,17724,Palau,62.796208530805686
PW,2016,1440,Légumes et tubercules,17772,Palau,81.02633355840648
PW,2017,1387,Légumes et tubercules,17821,Palau,77.82952696257225
PW,2018,1462,Légumes et tubercules,17861,Palau,81.85431946699514
PF,1995,2153,Fruits,215200,Polynésie Française,10.0046468401487
PF,1996,2779,Fruits,219600,Polynésie Française,12.654826958105646
PF,1997,2639,Fruits,224000,Polynésie Française,11.78125
PF,1998,3243,Fruits,228500,Polynésie Française,14.192560175054705
PF,1999,3208,Fruits,232900,Polynésie Française,13.774151996565049
PF,2000,3088,Fruits,237300,Polynésie Française,13.013063632532658
PF,2001,3237,Fruits,240800,Polynésie Française,13.442691029900331
PF,2002,3560,Fruits,244300,Polynésie Française,14.572247237003683
PF,2003,4027,Fruits,247900,Polynésie Française,16.244453408632513
PF,2004,4806,Fruits,251400,Polynésie Française,19.116945107398568
PF,2005,4627,Fruits,254900,Polynésie Française,18.152216555511966
PF,2006,4038,Fruits,257500,Polynésie Française,15.681553398058254
PF,2007,4242,Fruits,260100,Polynésie Française,16.30911188004614
PF,2008,4193,Fruits,262600,Polynésie Française,15.967250571210966
PF,2009,4117,Fruits,265200,Polynésie Française,15.524132730015083
PF,2010,3342,Fruits,267800,Polynésie Française,12.479462285287529
PF,2011,3303,Fruits,269000,Polynésie Française,12.278810408921935
PF,2012,3674,Fruits,270100,Polynésie Française,13.60236949278045
PF,2013,3722,Fruits,271300,Polynésie Française,13.719130114264651
PF,2014,3809,Fruits,272400,Polynésie Française,13.983113069016152
PF,2015,3837,Fruits,273600,Polynésie Française,14.024122807017543
PF,2016,3497,Fruits,274700,Polynésie Française,12.730251183108846
PF,2017,3331,Fruits,275899,Polynésie Française,12.073258692492542
PF,2018,3899,Fruits,276908,Polynésie Française,14.080488826613895
SB,1995,32,Fruits,359200,Îles Salomon,0.08908685968819599
SB,1996,100,Fruits,369900,Îles Salomon,0.2703433360367667
SB,1997,39,Fruits,380600,Îles Salomon,0.1024697845507094
SB,1998,37,Fruits,391200,Îles Salomon,0.09458077709611451
SB,1999,52,Fruits,401900,Îles Salomon,0.12938541925852204
SB,2000,19,Fruits,412600,Îles Salomon,0.046049442559379546
SB,2001,11,Fruits,424100,Îles Salomon,0.025937278943645364
SB,2002,24,Fruits,435500,Îles Salomon,0.05510907003444317
SB,2003,64,Fruits,447000,Îles Salomon,0.14317673378076062
SB,2004,68,Fruits,458400,Îles Salomon,0.14834205933682373
SB,2005,81,Fruits,469900,Îles Salomon,0.17237710151095978
SB,2006,118,Fruits,490300,Îles Salomon,0.24066897817662655
SB,2007,77,Fruits,510700,Îles Salomon,0.1507734482083415
SB,2008,78,Fruits,531100,Îles Salomon,0.14686499717567314
SB,2009,183,Fruits,551523,Îles Salomon,0.3318084649234937
SB,2010,117,Fruits,565435,Îles Salomon,0.20692033567076676
SB,2011,155,Fruits,579468,Îles Salomon,0.2674867292067897
SB,2012,200,Fruits,593614,Îles Salomon,0.33691927751030126
SB,2013,462,Fruits,607857,Îles Salomon,0.7600471821497491
SB,2014,360,Fruits,622225,Îles Salomon,0.5785688456747962
SB,2015,283,Fruits,636712,Îles Salomon,0.44447096960635263
SB,2016,369,Fruits,651348,Îles Salomon,0.5665174376830818
SB,2017,290,Fruits,666161,Îles Salomon,0.43533019795514893
SB,2018,340,Fruits,681184,Îles Salomon,0.4991309249776859
MH,1995,16,Fruits,51000,Îles Marshall,0.3137254901960784
MH,1996,0,Fruits,51240,Îles Marshall,0
MH,1998,9,Fruits,51720,Îles Marshall,0.17401392111368907
MH,1999,28,Fruits,51960,Îles Marshall,0.5388760585065434
MH,2000,30,Fruits,52200,Îles Marshall,0.5747126436781609
MH,2001,65,Fruits,52180,Îles Marshall,1.245688003066309
MH,2002,117,Fruits,52160,Îles Marshall,2.2430981595092025
MH,2003,22,Fruits,52140,Îles Marshall,0.4219409282700422
MH,2004,24,Fruits,52120,Îles Marshall,0.4604758250191865
MH,2005,49,Fruits,52100,Îles Marshall,0.9404990403071017
MH,2006,93,Fruits,52160,Îles Marshall,1.7829754601226993
MH,2007,28,Fruits,52220,Îles Marshall,0.5361930294906166
MH,2008,52,Fruits,52280,Îles Marshall,0.9946442234123948
MH,2009,37,Fruits,52340,Îles Marshall,0.7069163163928162
MH,2010,29,Fruits,52400,Îles Marshall,0.5534351145038168
MH,2011,40,Fruits,53729,Îles Marshall,0.7444769119097694
MH,2012,52,Fruits,53989,Îles Marshall,0.963159162051529
MH,2013,55,Fruits,54202,Îles Marshall,1.0147227039592635
MH,2014,22,Fruits,54375,Îles Marshall,0.4045977011494253
MH,2015,48,Fruits,54499,Îles Marshall,0.880750105506523
MH,2016,37,Fruits,54584,Îles Marshall,0.67785431628316
MH,2017,25,Fruits,54630,Îles Marshall,0.45762401610836534
MH,2018,67,Fruits,54645,Îles Marshall,1.2260957086650197
AS,2000,185,Légumes et tubercules,57520,Samoa Américaines,3.2162726008344924
AS,2001,299,Légumes et tubercules,57840,Samoa Américaines,5.169432918395574
AS,2002,344,Légumes et tubercules,58160,Samoa Américaines,5.914718019257221
AS,2003,480,Légumes et tubercules,58480,Samoa Américaines,8.207934336525307
AS,2004,351,Légumes et tubercules,58800,Samoa Américaines,5.969387755102041
AS,2005,313,Légumes et tubercules,59120,Samoa Américaines,5.2943166441136675
AS,2006,134,Légumes et tubercules,58400,Samoa Américaines,2.2945205479452055
AS,2007,341,Légumes et tubercules,57670,Samoa Américaines,5.912953008496618
AS,2008,279,Légumes et tubercules,56950,Samoa Américaines,4.899034240561897
AS,2009,164,Légumes et tubercules,56220,Samoa Américaines,2.917111348274635
AS,2010,79,Légumes et tubercules,55502,Samoa Américaines,1.4233721307340275
AS,2011,90,Légumes et tubercules,55660,Samoa Américaines,1.6169601149838304
AS,2012,157,Légumes et tubercules,55799,Samoa Américaines,2.813670495887023
AS,2013,503,Légumes et tubercules,55930,Samoa Américaines,8.993384587877705
AS,2014,306,Légumes et tubercules,56050,Samoa Américaines,5.459411239964317
AS,2015,201,Légumes et tubercules,56181,Samoa Américaines,3.5777220056602768
AS,2016,189,Légumes et tubercules,56303,Samoa Américaines,3.3568371134753034
AS,2017,98,Légumes et tubercules,56427,Samoa Américaines,1.7367572261506017
AS,2018,297,Légumes et tubercules,56556,Samoa Américaines,5.251432208784214
MH,1995,193,Légumes et tubercules,51000,Îles Marshall,3.7843137254901964
MH,1996,158,Légumes et tubercules,51240,Îles Marshall,3.0835284933645593
MH,1997,151,Légumes et tubercules,51480,Îles Marshall,2.9331779331779333
MH,1998,8,Légumes et tubercules,51720,Îles Marshall,0.15467904098994587
MH,1999,136,Légumes et tubercules,51960,Îles Marshall,2.617397998460354
MH,2000,308,Légumes et tubercules,52200,Îles Marshall,5.900383141762452
MH,2001,161,Légumes et tubercules,52180,Îles Marshall,3.0854733614411654
MH,2002,203,Légumes et tubercules,52160,Îles Marshall,3.891871165644172
MH,2003,105,Légumes et tubercules,52140,Îles Marshall,2.0138089758342925
MH,2004,12,Légumes et tubercules,52120,Îles Marshall,0.23023791250959325
MH,2005,43,Légumes et tubercules,52100,Îles Marshall,0.8253358925143953
MH,2006,40,Légumes et tubercules,52160,Îles Marshall,0.7668711656441718
MH,2007,4,Légumes et tubercules,52220,Îles Marshall,0.07659900421294523
MH,2008,21,Légumes et tubercules,52280,Îles Marshall,0.4016832440703902
MH,2009,8,Légumes et tubercules,52340,Îles Marshall,0.15284677111196024
MH,2011,10,Légumes et tubercules,53729,Îles Marshall,0.18611922797744235
MH,2012,50,Légumes et tubercules,53989,Îles Marshall,0.9261145788957009
MH,2013,17,Légumes et tubercules,54202,Îles Marshall,0.3136415630419542
MH,2014,35,Légumes et tubercules,54375,Îles Marshall,0.6436781609195402
MH,2015,48,Légumes et tubercules,54499,Îles Marshall,0.880750105506523
MH,2016,59,Légumes et tubercules,54584,Îles Marshall,1.0809028286677416
MH,2017,70,Légumes et tubercules,54630,Îles Marshall,1.281347245103423
MH,2018,192,Légumes et tubercules,54645,Îles Marshall,3.5135877024430417
AS,2002,132,Fruits,58160,Samoa Américaines,2.269601100412655
AS,2003,43,Fruits,58480,Samoa Américaines,0.7352941176470588
AS,2004,15,Fruits,58800,Samoa Américaines,0.25510204081632654
AS,2005,18,Fruits,59120,Samoa Américaines,0.30446549391069017
AS,2006,2,Fruits,58400,Samoa Américaines,0.03424657534246575
AS,2007,3,Fruits,57670,Samoa Américaines,0.05202011444425178
AS,2008,24,Fruits,56950,Samoa Américaines,0.42142230026338895
AS,2009,16,Fruits,56220,Samoa Américaines,0.28459622909996446
AS,2010,13,Fruits,55502,Samoa Américaines,0.23422579366509316
AS,2011,41,Fruits,55660,Samoa Américaines,0.7366151634926339
AS,2012,2,Fruits,55799,Samoa Américaines,0.03584293625333787
AS,2013,5,Fruits,55930,Samoa Américaines,0.08939746111210442
AS,2014,84,Fruits,56050,Samoa Américaines,1.4986619090098126
AS,2015,2,Fruits,56181,Samoa Américaines,0.035599223936918174
AS,2016,0,Fruits,56303,Samoa Américaines,0
AS,2018,2,Fruits,56556,Samoa Américaines,0.035363179857132755
FJ,1995,26957,Légumes et tubercules,775500,Fiji,34.760799484203744
FJ,1996,28284,Légumes et tubercules,782600,Fiji,36.141068234091485
FJ,1997,35653,Légumes et tubercules,789800,Fiji,45.14180805267156
FJ,1998,32784,Légumes et tubercules,796900,Fiji,41.13941523403187
FJ,1999,35966,Légumes et tubercules,804100,Fiji,44.728267628404424
FJ,2000,38177,Légumes et tubercules,811200,Fiji,47.06237672583827
FJ,2001,36369,Légumes et tubercules,813300,Fiji,44.71781630394688
FJ,2002,42314,Légumes et tubercules,815400,Fiji,51.89354917831739
FJ,2003,39515,Légumes et tubercules,817600,Fiji,48.33047945205479
FJ,2004,43593,Légumes et tubercules,819700,Fiji,53.18165182383799
FJ,2005,43412,Légumes et tubercules,821800,Fiji,52.825504989048426
FJ,2006,44832,Légumes et tubercules,829400,Fiji,54.05353267422233
FJ,2007,44294,Légumes et tubercules,837100,Fiji,52.91363039063433
FJ,2008,42530,Légumes et tubercules,844700,Fiji,50.34923641529537
FJ,2009,39118,Légumes et tubercules,852400,Fiji,45.8916001877053
FJ,2010,40840,Légumes et tubercules,860000,Fiji,47.48837209302326
FJ,2011,40533,Légumes et tubercules,863300,Fiji,46.95123363836442
FJ,2012,46282,Légumes et tubercules,866600,Fiji,53.40641587814447
FJ,2013,50035,Légumes et tubercules,870000,Fiji,57.51149425287357
FJ,2014,48538,Légumes et tubercules,873300,Fiji,55.579983968853774
FJ,2015,46649,Légumes et tubercules,876600,Fiji,53.21583390371892
FJ,2016,49395,Légumes et tubercules,879900,Fiji,56.13706102966246
FJ,2017,44129,Légumes et tubercules,883270,Fiji,49.96094059574083
FJ,2018,49280,Légumes et tubercules,887394,Fiji,55.53339328415563
WF,1995,97,Légumes et tubercules,14140,Wallis et Futuna,6.8599717114568595
WF,1996,91,Légumes et tubercules,14210,Wallis et Futuna,6.403940886699507
WF,1997,78,Légumes et tubercules,14280,Wallis et Futuna,5.462184873949579
WF,1998,148,Légumes et tubercules,14360,Wallis et Futuna,10.30640668523677
WF,1999,129,Légumes et tubercules,14430,Wallis et Futuna,8.93970893970894
WF,2000,224,Légumes et tubercules,14500,Wallis et Futuna,15.448275862068966
WF,2001,251,Légumes et tubercules,14510,Wallis et Futuna,17.29841488628532
WF,2002,255,Légumes et tubercules,14530,Wallis et Futuna,17.549896765313147
WF,2003,246,Légumes et tubercules,14540,Wallis et Futuna,16.918844566712515
WF,2004,240,Légumes et tubercules,14560,Wallis et Futuna,16.483516483516485
WF,2005,174,Légumes et tubercules,14570,Wallis et Futuna,11.942347288949898
WF,2006,201,Légumes et tubercules,14340,Wallis et Futuna,14.01673640167364
WF,2007,187,Légumes et tubercules,14110,Wallis et Futuna,13.25301204819277
WF,2008,198,Légumes et tubercules,13890,Wallis et Futuna,14.254859611231103
WF,2009,220,Légumes et tubercules,13660,Wallis et Futuna,16.105417276720353
WF,2010,235,Légumes et tubercules,13430,Wallis et Futuna,17.49813849590469
WF,2011,234,Légumes et tubercules,13130,Wallis et Futuna,17.82178217821782
WF,2012,124,Légumes et tubercules,12840,Wallis et Futuna,9.657320872274145
WF,2013,73,Légumes et tubercules,12540,Wallis et Futuna,5.821371610845295
WF,2014,55,Légumes et tubercules,12250,Wallis et Futuna,4.489795918367347
WF,2015,40,Légumes et tubercules,11950,Wallis et Futuna,3.3472803347280333
WF,2016,126,Légumes et tubercules,11820,Wallis et Futuna,10.659898477157359
WF,2017,182,Légumes et tubercules,11690,Wallis et Futuna,15.568862275449103
WF,2018,191,Légumes et tubercules,11559,Wallis et Futuna,16.52392075439052
WS,1995,62,Fruits,170200,Samoa,0.36427732079905994
WS,1996,87,Fruits,171100,Samoa,0.5084745762711864
WS,1997,173,Fruits,172000,Samoa,1.005813953488372
WS,1998,115,Fruits,172800,Samoa,0.6655092592592592
WS,1999,127,Fruits,173700,Samoa,0.7311456534254461
WS,2000,92,Fruits,174600,Samoa,0.5269186712485682
WS,2001,116,Fruits,175700,Samoa,0.6602162777461582
WS,2002,200,Fruits,176700,Samoa,1.1318619128466327
WS,2003,399,Fruits,177800,Samoa,2.2440944881889764
WS,2004,1010,Fruits,178800,Samoa,5.648769574944072
WS,2005,602,Fruits,179900,Samoa,3.3463035019455254
WS,2006,316,Fruits,181200,Samoa,1.7439293598233996
WS,2007,515,Fruits,182400,Samoa,2.823464912280702
WS,2008,536,Fruits,183700,Samoa,2.9178007621121393
WS,2009,379,Fruits,184900,Samoa,2.0497566252028125
WS,2010,308,Fruits,186200,Samoa,1.6541353383458648
WS,2011,399,Fruits,187500,Samoa,2.128
WS,2012,415,Fruits,188900,Samoa,2.196929592376919
WS,2013,469,Fruits,190200,Samoa,2.4658254468980023
WS,2014,453,Fruits,191500,Samoa,2.365535248041775
WS,2015,575,Fruits,192800,Samoa,2.9823651452282154
WS,2016,641,Fruits,194183,Samoa,3.301009872130928
WS,2017,796,Fruits,195278,Samoa,4.076240027038376
WS,2018,912,Fruits,196379,Samoa,4.644081088100051
PW,1995,0,Fruits,17250,Palau,0
PW,1996,11,Fruits,17640,Palau,0.6235827664399093
PW,1997,33,Fruits,18020,Palau,1.8312985571587124
PW,1998,2,Fruits,18410,Palau,0.10863661053775123
PW,1999,25,Fruits,18790,Palau,1.3304949441192122
PW,2000,6,Fruits,19180,Palau,0.31282586027111575
PW,2001,14,Fruits,19330,Palau,0.7242628039317124
PW,2002,5,Fruits,19470,Palau,0.2568053415511043
PW,2003,10,Fruits,19620,Palau,0.5096839959225281
PW,2004,4,Fruits,19760,Palau,0.20242914979757085
PW,2005,16,Fruits,19910,Palau,0.8036162732295329
PW,2006,0,Fruits,20020,Palau,0
PW,2007,543,Fruits,20130,Palau,26.974664679582713
PW,2008,430,Fruits,20250,Palau,21.23456790123457
PW,2009,356,Fruits,20360,Palau,17.4852652259332
PW,2010,399,Fruits,20470,Palau,19.491939423546654
PW,2011,464,Fruits,19920,Palau,23.29317269076305
PW,2012,368,Fruits,19370,Palau,18.998451213216313
PW,2013,497,Fruits,18820,Palau,26.40807651434644
PW,2014,369,Fruits,18270,Palau,20.19704433497537
PW,2015,509,Fruits,17724,Palau,28.718122320018058
PW,2016,625,Fruits,17772,Palau,35.16767949583615
PW,2017,609,Fruits,17821,Palau,34.173166488973685
PW,2018,595,Fruits,17861,Palau,33.3128044342422
TO,1995,289,Légumes et tubercules,96080,Tonga,3.007910074937552
TO,1996,267,Légumes et tubercules,96480,Tonga,2.767412935323383
TO,1997,194,Légumes et tubercules,96880,Tonga,2.0024772914946327
TO,1998,162,Légumes et tubercules,97280,Tonga,1.665296052631579
TO,1999,361,Légumes et tubercules,97680,Tonga,3.6957411957411956
TO,2000,550,Légumes et tubercules,98080,Tonga,5.607667210440457
TO,2001,628,Légumes et tubercules,98660,Tonga,6.365294952361646
TO,2002,524,Légumes et tubercules,99250,Tonga,5.279596977329975
TO,2003,532,Légumes et tubercules,99830,Tonga,5.329059400981668
TO,2004,509,Légumes et tubercules,100420,Tonga,5.068711412069309
TO,2005,550,Légumes et tubercules,101000,Tonga,5.445544554455445
TO,2006,989,Légumes et tubercules,101600,Tonga,9.734251968503937
TO,2007,816,Légumes et tubercules,102200,Tonga,7.9843444227005875
TO,2008,908,Légumes et tubercules,102900,Tonga,8.824101068999028
TO,2009,965,Légumes et tubercules,103500,Tonga,9.323671497584542
TO,2010,786,Légumes et tubercules,104100,Tonga,7.550432276657061
TO,2011,776,Légumes et tubercules,103600,Tonga,7.4903474903474905
TO,2012,819,Légumes et tubercules,103100,Tonga,7.943743937924346
TO,2013,813,Légumes et tubercules,102700,Tonga,7.916260954235638
TO,2014,863,Légumes et tubercules,102200,Tonga,8.444227005870843
TO,2015,1095,Légumes et tubercules,101700,Tonga,10.766961651917404
TO,2016,1051,Légumes et tubercules,101224,Tonga,10.382913143128112
TO,2017,1202,Légumes et tubercules,100793,Tonga,11.925431329556616
TO,2018,1097,Légumes et tubercules,100404,Tonga,10.925859527508864
FJ,1995,1937,Fruits,775500,Fiji,2.497743391360413
FJ,1996,2156,Fruits,782600,Fiji,2.754919499105546
FJ,1997,2927,Fruits,789800,Fiji,3.706001519371993
FJ,1998,2414,Fruits,796900,Fiji,3.0292382984063244
FJ,1999,1924,Fruits,804100,Fiji,2.3927372217385896
FJ,2000,1799,Fruits,811200,Fiji,2.2177021696252464
FJ,2001,2200,Fruits,813300,Fiji,2.705028894626829
FJ,2002,2968,Fruits,815400,Fiji,3.6399313220505274
FJ,2003,3350,Fruits,817600,Fiji,4.097358121330724
FJ,2004,3445,Fruits,819700,Fiji,4.202757106258387
FJ,2005,5659,Fruits,821800,Fiji,6.886103674860063
FJ,2006,3631,Fruits,829400,Fiji,4.377863515794551
FJ,2007,4916,Fruits,837100,Fiji,5.872655596702903
FJ,2008,4210,Fruits,844700,Fiji,4.9840179945542795
FJ,2009,3389,Fruits,852400,Fiji,3.9758329422806193
FJ,2010,3325,Fruits,860000,Fiji,3.866279069767442
FJ,2011,3245,Fruits,863300,Fiji,3.758832387350863
FJ,2012,3836,Fruits,866600,Fiji,4.426494345718901
FJ,2013,4810,Fruits,870000,Fiji,5.528735632183908
FJ,2014,4928,Fruits,873300,Fiji,5.64296347188824
FJ,2015,4562,Fruits,876600,Fiji,5.204198037873603
FJ,2016,6529,Fruits,879900,Fiji,7.420161381975225
FJ,2017,5741,Fruits,883270,Fiji,6.499711300055475
FJ,2018,6702,Fruits,887394,Fiji,7.552451335032692
PG,1995,3533,Légumes et tubercules,4894000,Papouasie Nouvelle-Guinée,0.7219043727012668
PG,1996,4111,Légumes et tubercules,5030000,Papouasie Nouvelle-Guinée,0.8172962226640159
PG,1997,5540,Légumes et tubercules,5165000,Papouasie Nouvelle-Guinée,1.0726040658276863
PG,1998,5436,Légumes et tubercules,5301000,Papouasie Nouvelle-Guinée,1.0254668930390491
PG,1999,3772,Légumes et tubercules,5436000,Papouasie Nouvelle-Guinée,0.6938925680647535
PG,2000,2502,Légumes et tubercules,5572000,Papouasie Nouvelle-Guinée,0.44903086862885855
PG,2001,3323,Légumes et tubercules,5721000,Papouasie Nouvelle-Guinée,0.5808425100506904
PG,2002,3111,Légumes et tubercules,5869000,Papouasie Nouvelle-Guinée,0.530073266314534
PG,2003,2770,Légumes et tubercules,6018000,Papouasie Nouvelle-Guinée,0.46028580923894985
PG,2004,3107,Légumes et tubercules,6166000,Papouasie Nouvelle-Guinée,0.5038923126824522
PG,2005,3189,Légumes et tubercules,6315000,Papouasie Nouvelle-Guinée,0.5049881235154394
PG,2006,3291,Légumes et tubercules,6474000,Papouasie Nouvelle-Guinée,0.5083410565338276
PG,2007,3799,Légumes et tubercules,6632000,Papouasie Nouvelle-Guinée,0.5728287092882991
PG,2008,3668,Légumes et tubercules,6791000,Papouasie Nouvelle-Guinée,0.5401266381976145
PG,2009,3782,Légumes et tubercules,6949000,Papouasie Nouvelle-Guinée,0.544250971362786
PG,2010,4576,Légumes et tubercules,7108000,Papouasie Nouvelle-Guinée,0.6437816544738323
PG,2011,5627,Légumes et tubercules,7275326,Papouasie Nouvelle-Guinée,0.7734361319341566
PG,2012,8050,Légumes et tubercules,7454857,Papouasie Nouvelle-Guinée,1.0798329196656622
PG,2013,7660,Légumes et tubercules,7634976,Papouasie Nouvelle-Guinée,1.0032775479582385
PG,2014,6336,Légumes et tubercules,7816780,Papouasie Nouvelle-Guinée,0.810563940650754
PG,2015,4908,Légumes et tubercules,8000322,Papouasie Nouvelle-Guinée,0.6134753076188684
PG,2016,5324,Légumes et tubercules,8185370,Papouasie Nouvelle-Guinée,0.6504287527625507
PG,2017,6434,Légumes et tubercules,8371613,Papouasie Nouvelle-Guinée,0.7685496212020312
PG,2018,7453,Légumes et tubercules,8558701,Papouasie Nouvelle-Guinée,0.8708097175026911
GU,2002,105,Fruits,156500,Guam,0.6709265175718849
GU,2003,274,Fruits,157200,Guam,1.7430025445292623
GU,2004,149,Fruits,157800,Guam,0.944233206590621
GU,2005,138,Fruits,158400,Guam,0.8712121212121212
GU,2006,122,Fruits,158600,Guam,0.7692307692307693
GU,2007,151,Fruits,158900,Guam,0.9502831969792322
GU,2008,181,Fruits,159100,Guam,1.1376492771841609
GU,2009,120,Fruits,159400,Guam,0.752823086574655
GU,2010,174,Fruits,159614,Guam,1.0901299384765746
GU,2011,219,Fruits,161391,Guam,1.3569529899436772
GU,2012,156,Fruits,163126,Guam,0.9563159766070399
GU,2013,144,Fruits,164857,Guam,0.8734842924473938
CK,1995,83,Fruits,18960,Cook Islands,4.377637130801688
CK,1996,34,Fruits,18790,Cook Islands,1.8094731240021287
CK,1997,39,Fruits,18620,Cook Islands,2.0945220193340495
CK,1998,118,Fruits,18460,Cook Islands,6.3921993499458285
CK,1999,87,Fruits,18290,Cook Islands,4.756697648988518
CK,2000,27,Fruits,18120,Cook Islands,1.490066225165563
CK,2001,29,Fruits,18440,Cook Islands,1.5726681127982647
CK,2002,120,Fruits,18760,Cook Islands,6.3965884861407245
CK,2003,155,Fruits,19070,Cook Islands,8.127949659150499
CK,2004,128,Fruits,19390,Cook Islands,6.601340897369778
CK,2005,312,Fruits,19710,Cook Islands,15.829528158295282
CK,2006,185,Fruits,19480,Cook Islands,9.496919917864476
CK,2007,199,Fruits,19250,Cook Islands,10.337662337662339
CK,2008,182,Fruits,19010,Cook Islands,9.573908469226723
CK,2009,149,Fruits,18780,Cook Islands,7.933972310969116
CK,2010,114,Fruits,18550,Cook Islands,6.1455525606469
CK,2011,158,Fruits,17960,Cook Islands,8.797327394209354
CK,2012,137,Fruits,17370,Cook Islands,7.887161773172136
CK,2013,119,Fruits,16780,Cook Islands,7.091775923718712
CK,2014,150,Fruits,16190,Cook Islands,9.264978381717109
CK,2015,157,Fruits,15600,Cook Islands,10.064102564102564
CK,2016,181,Fruits,15011,Cook Islands,12.057824262207713
CK,2017,217,Fruits,15076,Cook Islands,14.393738392146457
CK,2018,195,Fruits,15153,Cook Islands,12.868738863591368
GU,2003,3,Légumes et tubercules,157200,Guam,0.019083969465648856
GU,2004,8,Légumes et tubercules,157800,Guam,0.050697084917617236
GU,2005,10,Légumes et tubercules,158400,Guam,0.06313131313131314
GU,2006,9,Légumes et tubercules,158600,Guam,0.05674653215636822
GU,2007,0,Légumes et tubercules,158900,Guam,0
GU,2008,6,Légumes et tubercules,159100,Guam,0.03771213073538655
GU,2009,3,Légumes et tubercules,159400,Guam,0.018820577164366376
GU,2010,6,Légumes et tubercules,159614,Guam,0.03759068753367499
GU,2011,3,Légumes et tubercules,161391,Guam,0.018588397122516125
GU,2012,6,Légumes et tubercules,163126,Guam,0.03678138371565538
GU,2013,7,Légumes et tubercules,164857,Guam,0.042461041993970536
KI,1995,52,Fruits,77700,Kiribati,0.6692406692406693
KI,1996,67,Fruits,79040,Kiribati,0.8476720647773279
KI,1997,78,Fruits,80380,Kiribati,0.9703906444389151
KI,1998,148,Fruits,81720,Kiribati,1.811062163485071
KI,1999,128,Fruits,83060,Kiribati,1.5410546592824463
KI,2000,86,Fruits,84400,Kiribati,1.018957345971564
KI,2001,91,Fruits,85980,Kiribati,1.058385671086299
KI,2002,72,Fruits,87560,Kiribati,0.8222932846048424
KI,2003,114,Fruits,89140,Kiribati,1.2788871438187122
KI,2004,107,Fruits,90720,Kiribati,1.1794532627865961
KI,2005,144,Fruits,92300,Kiribati,1.5601300108342362
KI,2006,195,Fruits,94380,Kiribati,2.066115702479339
KI,2007,139,Fruits,96460,Kiribati,1.441011818370309
KI,2008,121,Fruits,98540,Kiribati,1.227927745078141
KI,2009,90,Fruits,100620,Kiribati,0.8944543828264758
KI,2010,71,Fruits,102700,Kiribati,0.6913339824732231
KI,2011,93,Fruits,104000,Kiribati,0.8942307692307693
KI,2012,61,Fruits,105300,Kiribati,0.5792972459639126
KI,2013,65,Fruits,106600,Kiribati,0.6097560975609756
KI,2014,80,Fruits,107800,Kiribati,0.7421150278293135
KI,2015,101,Fruits,109119,Kiribati,0.925594992622733
KI,2016,63,Fruits,110981,Kiribati,0.5676647354051595
KI,2017,60,Fruits,112880,Kiribati,0.5315379163713678
KI,2018,111,Fruits,114807,Kiribati,0.9668400010452324
NU,1995,41,Légumes et tubercules,2170,Niue,18.89400921658986
NU,1996,18,Légumes et tubercules,2116,Niue,8.506616257088847
NU,1997,23,Légumes et tubercules,2062,Niue,11.154219204655675
NU,1998,35,Légumes et tubercules,2008,Niue,17.43027888446215
NU,1999,34,Légumes et tubercules,1954,Niue,17.400204708290687
NU,2000,29,Légumes et tubercules,1900,Niue,15.26315789473684
NU,2001,43,Légumes et tubercules,1856,Niue,23.168103448275865
NU,2002,76,Légumes et tubercules,1812,Niue,41.94260485651214
NU,2003,23,Légumes et tubercules,1768,Niue,13.009049773755656
NU,2004,31,Légumes et tubercules,1724,Niue,17.981438515081205
NU,2005,49,Légumes et tubercules,1680,Niue,29.166666666666668
NU,2006,71,Légumes et tubercules,1670,Niue,42.51497005988024
NU,2007,82,Légumes et tubercules,1660,Niue,49.39759036144578
NU,2008,71,Légumes et tubercules,1650,Niue,43.03030303030303
NU,2009,31,Légumes et tubercules,1640,Niue,18.902439024390244
NU,2010,26,Légumes et tubercules,1630,Niue,15.950920245398775
NU,2011,31,Légumes et tubercules,1632,Niue,18.995098039215684
NU,2012,24,Légumes et tubercules,1634,Niue,14.687882496940025
NU,2013,23,Légumes et tubercules,1636,Niue,14.058679706601467
NU,2014,31,Légumes et tubercules,1638,Niue,18.925518925518926
NU,2015,19,Légumes et tubercules,1640,Niue,11.585365853658537
NU,2016,19,Légumes et tubercules,1639,Niue,11.592434411226357
NU,2017,25,Légumes et tubercules,1624,Niue,15.394088669950738
NU,2018,22,Légumes et tubercules,1606,Niue,13.698630136986301
NU,1995,14,Fruits,2170,Niue,6.451612903225806
NU,1996,30,Fruits,2116,Niue,14.177693761814744
NU,1997,21,Fruits,2062,Niue,10.184287099903006
NU,1998,24,Fruits,2008,Niue,11.952191235059761
NU,1999,27,Fruits,1954,Niue,13.817809621289662
NU,2000,18,Fruits,1900,Niue,9.473684210526317
NU,2001,30,Fruits,1856,Niue,16.163793103448278
NU,2002,11,Fruits,1812,Niue,6.070640176600441
NU,2004,54,Fruits,1724,Niue,31.322505800464036
NU,2005,6,Fruits,1680,Niue,3.571428571428571
NU,2006,40,Fruits,1670,Niue,23.952095808383234
NU,2007,14,Fruits,1660,Niue,8.433734939759036
NU,2008,74,Fruits,1650,Niue,44.848484848484844
NU,2009,34,Fruits,1640,Niue,20.731707317073173
NU,2010,12,Fruits,1630,Niue,7.361963190184049
NU,2011,17,Fruits,1632,Niue,10.416666666666666
NU,2012,7,Fruits,1634,Niue,4.283965728274174
NU,2013,14,Fruits,1636,Niue,8.557457212713937
NU,2014,18,Fruits,1638,Niue,10.989010989010989
NU,2015,12,Fruits,1640,Niue,7.317073170731708
NU,2016,22,Fruits,1639,Niue,13.422818791946309
NU,2017,25,Fruits,1624,Niue,15.394088669950738
NU,2018,21,Fruits,1606,Niue,13.075965130759652
FM,1995,33,Légumes et tubercules,107600,Micronésie,0.3066914498141264
FM,1996,21,Légumes et tubercules,107600,Micronésie,0.19516728624535315
FM,1998,0,Légumes et tubercules,107500,Micronésie,0
FM,1999,87,Légumes et tubercules,107400,Micronésie,0.8100558659217877
FM,2000,121,Légumes et tubercules,107400,Micronésie,1.1266294227188083
FM,2001,169,Légumes et tubercules,107200,Micronésie,1.5764925373134329
FM,2002,75,Légumes et tubercules,106900,Micronésie,0.7015902712815715
FM,2003,1287,Légumes et tubercules,106700,Micronésie,12.061855670103093
FM,2004,1432,Légumes et tubercules,106400,Micronésie,13.458646616541355
FM,2005,1199,Légumes et tubercules,106200,Micronésie,11.290018832391713
FM,2006,1317,Légumes et tubercules,105500,Micronésie,12.483412322274882
FM,2007,775,Légumes et tubercules,104800,Micronésie,7.395038167938932
FM,2008,693,Légumes et tubercules,104100,Micronésie,6.6570605187319885
FM,2009,941,Légumes et tubercules,103500,Micronésie,9.091787439613526
FM,2010,910,Légumes et tubercules,102765,Micronésie,8.855154965211891
FM,2011,1204,Légumes et tubercules,103027,Micronésie,11.686257000592077
FM,2012,814,Légumes et tubercules,103287,Micronésie,7.880953072506705
FM,2013,1130,Légumes et tubercules,103550,Micronésie,10.912602607436021
FM,2014,2,Légumes et tubercules,103825,Micronésie,0.01926318324103058
FM,2015,68,Légumes et tubercules,104104,Micronésie,0.6531929608852687
FM,2016,3,Légumes et tubercules,104380,Micronésie,0.028741138149070703
FM,2017,67,Légumes et tubercules,104665,Micronésie,0.6401375818086276
FM,2018,20,Légumes et tubercules,104945,Micronésie,0.19057601600838533
WF,1995,54,Fruits,14140,Wallis et Futuna,3.818953323903819
WF,1996,36,Fruits,14210,Wallis et Futuna,2.5334271639690358
WF,1997,49,Fruits,14280,Wallis et Futuna,3.4313725490196076
WF,1998,65,Fruits,14360,Wallis et Futuna,4.5264623955431755
WF,1999,85,Fruits,14430,Wallis et Futuna,5.8905058905058905
WF,2000,102,Fruits,14500,Wallis et Futuna,7.0344827586206895
WF,2001,102,Fruits,14510,Wallis et Futuna,7.0296347346657475
WF,2002,138,Fruits,14530,Wallis et Futuna,9.497591190640055
WF,2003,129,Fruits,14540,Wallis et Futuna,8.872077028885831
WF,2004,115,Fruits,14560,Wallis et Futuna,7.898351648351648
WF,2005,93,Fruits,14570,Wallis et Futuna,6.382978723404255
WF,2006,130,Fruits,14340,Wallis et Futuna,9.06555090655509
WF,2007,121,Fruits,14110,Wallis et Futuna,8.575478384124734
WF,2008,129,Fruits,13890,Wallis et Futuna,9.287257019438444
WF,2009,135,Fruits,13660,Wallis et Futuna,9.882869692532942
WF,2010,136,Fruits,13430,Wallis et Futuna,10.126582278481013
WF,2011,106,Fruits,13130,Wallis et Futuna,8.073115003808072
WF,2012,82,Fruits,12840,Wallis et Futuna,6.386292834890965
WF,2013,39,Fruits,12540,Wallis et Futuna,3.110047846889952
WF,2014,26,Fruits,12250,Wallis et Futuna,2.122448979591837
WF,2015,17,Fruits,11950,Wallis et Futuna,1.4225941422594142
WF,2016,78,Fruits,11820,Wallis et Futuna,6.598984771573604
WF,2017,145,Fruits,11690,Wallis et Futuna,12.403763900769889
WF,2018,101,Fruits,11559,Wallis et Futuna,8.737780084782422
PN,2006,11,Légumes et tubercules,65,Pitcairn,169.23076923076923
TV,1995,16,Fruits,9230,Tuvalu,1.733477789815818
TV,1996,0,Fruits,9268,Tuvalu,0
TV,1997,17,Fruits,9306,Tuvalu,1.8267784225231034
TV,1998,30,Fruits,9344,Tuvalu,3.210616438356164
TV,1999,26,Fruits,9382,Tuvalu,2.771264122788318
TV,2000,33,Fruits,9420,Tuvalu,3.5031847133757963
TV,2001,49,Fruits,9542,Tuvalu,5.135191783693146
TV,2002,64,Fruits,9664,Tuvalu,6.622516556291391
TV,2003,56,Fruits,9786,Tuvalu,5.7224606580829755
TV,2004,64,Fruits,9908,Tuvalu,6.459426725878078
TV,2005,61,Fruits,10030,Tuvalu,6.0817547357926225
TV,2006,52,Fruits,10130,Tuvalu,5.133267522211254
TV,2007,53,Fruits,10230,Tuvalu,5.180840664711633
TV,2008,51,Fruits,10330,Tuvalu,4.937076476282671
TV,2009,37,Fruits,10430,Tuvalu,3.547459252157239
TV,2010,33,Fruits,10530,Tuvalu,3.1339031339031336
TV,2011,79,Fruits,10510,Tuvalu,7.516650808753568
TV,2012,53,Fruits,10480,Tuvalu,5.057251908396947
TV,2013,35,Fruits,10460,Tuvalu,3.3460803059273423
TV,2014,37,Fruits,10430,Tuvalu,3.547459252157239
TV,2015,40,Fruits,10410,Tuvalu,3.8424591738712777
TV,2016,36,Fruits,10390,Tuvalu,3.4648700673724737
TV,2017,60,Fruits,10359,Tuvalu,5.7920648711265565
TV,2018,80,Fruits,10422,Tuvalu,7.676069852235655
NC,1995,2969,Légumes et tubercules,190700,Nouvelle-Calédonie,15.568956476140535
NC,1996,3585,Légumes et tubercules,195100,Nouvelle-Calédonie,18.375192209123526
NC,1997,4483,Légumes et tubercules,199600,Nouvelle-Calédonie,22.45991983967936
NC,1998,3675,Légumes et tubercules,204000,Nouvelle-Calédonie,18.01470588235294
NC,1999,4610,Légumes et tubercules,208500,Nouvelle-Calédonie,22.11031175059952
NC,2000,3814,Légumes et tubercules,212900,Nouvelle-Calédonie,17.914513856270553
NC,2001,4326,Légumes et tubercules,216900,Nouvelle-Calédonie,19.944674965421854
NC,2002,3468,Légumes et tubercules,220800,Nouvelle-Calédonie,15.706521739130435
NC,2003,5034,Légumes et tubercules,224800,Nouvelle-Calédonie,22.393238434163703
NC,2004,5025,Légumes et tubercules,228700,Nouvelle-Calédonie,21.972015741145604
NC,2005,5087,Légumes et tubercules,232700,Nouvelle-Calédonie,21.860764933390634
NC,2006,4889,Légumes et tubercules,236400,Nouvelle-Calédonie,20.681049069373945
NC,2007,4049,Légumes et tubercules,240000,Nouvelle-Calédonie,16.870833333333334
NC,2008,7416,Légumes et tubercules,243700,Nouvelle-Calédonie,30.43085761181781
NC,2009,7330,Légumes et tubercules,247300,Nouvelle-Calédonie,29.640113222806306
NC,2010,6675,Légumes et tubercules,251000,Nouvelle-Calédonie,26.593625498007967
NC,2011,8505,Légumes et tubercules,255400,Nouvelle-Calédonie,33.30070477682067
NC,2012,7615,Légumes et tubercules,259900,Nouvelle-Calédonie,29.29973066564063
NC,2013,7335,Légumes et tubercules,264300,Nouvelle-Calédonie,27.75255391600454
NC,2014,7407,Légumes et tubercules,268764,Nouvelle-Calédonie,27.55949457516632
NC,2015,7473,Légumes et tubercules,269803,Nouvelle-Calédonie,27.697987049810415
NC,2016,7115,Légumes et tubercules,270523,Nouvelle-Calédonie,26.3009060227781
NC,2017,6752,Légumes et tubercules,271194,Nouvelle-Calédonie,24.897305987595598
NC,2018,7273,Légumes et tubercules,271772,Nouvelle-Calédonie,26.761402940700293
NC,1995,1775,Fruits,190700,Nouvelle-Calédonie,9.307813319349764
NC,1996,2922,Fruits,195100,Nouvelle-Calédonie,14.976934905176831
NC,1997,1941,Fruits,199600,Nouvelle-Calédonie,9.724448897795591
NC,1998,1612,Fruits,204000,Nouvelle-Calédonie,7.901960784313727
NC,1999,2872,Fruits,208500,Nouvelle-Calédonie,13.774580335731414
NC,2000,2313,Fruits,212900,Nouvelle-Calédonie,10.864255519023015
NC,2001,1608,Fruits,216900,Nouvelle-Calédonie,7.413554633471646
NC,2002,2175,Fruits,220800,Nouvelle-Calédonie,9.85054347826087
NC,2003,3513,Fruits,224800,Nouvelle-Calédonie,15.627224199288255
NC,2004,3478,Fruits,228700,Nouvelle-Calédonie,15.20769567118496
NC,2005,3682,Fruits,232700,Nouvelle-Calédonie,15.82294800171895
NC,2006,3446,Fruits,236400,Nouvelle-Calédonie,14.57698815566836
NC,2007,4163,Fruits,240000,Nouvelle-Calédonie,17.345833333333335
NC,2008,4853,Fruits,243700,Nouvelle-Calédonie,19.91382847763644
NC,2009,5579,Fruits,247300,Nouvelle-Calédonie,22.55964415689446
NC,2010,4304,Fruits,251000,Nouvelle-Calédonie,17.14741035856574
NC,2011,5404,Fruits,255400,Nouvelle-Calédonie,21.15896632732968
NC,2012,4856,Fruits,259900,Nouvelle-Calédonie,18.68410927279723
NC,2013,5111,Fruits,264300,Nouvelle-Calédonie,19.337873628452517
NC,2014,5171,Fruits,268764,Nouvelle-Calédonie,19.23992796654314
NC,2015,4919,Fruits,269803,Nouvelle-Calédonie,18.231820995318806
NC,2016,4997,Fruits,270523,Nouvelle-Calédonie,18.47162718142265
NC,2017,4604,Fruits,271194,Nouvelle-Calédonie,16.97677677234747
NC,2018,4993,Fruits,271772,Nouvelle-Calédonie,18.372017720736498
NR,1995,120,Légumes et tubercules,9970,Nauru,12.036108324974924
NR,1996,172,Légumes et tubercules,9984,Nauru,17.227564102564102
NR,1997,183,Légumes et tubercules,9998,Nauru,18.30366073214643
NR,1998,60,Légumes et tubercules,10012,Nauru,5.9928086296444265
NR,1999,28,Légumes et tubercules,10026,Nauru,2.7927388789148213
NR,2000,47,Légumes et tubercules,10040,Nauru,4.681274900398406
NR,2001,82,Légumes et tubercules,10050,Nauru,8.159203980099502
NR,2002,275,Légumes et tubercules,10070,Nauru,27.30883813306852
NR,2003,113,Légumes et tubercules,10080,Nauru,11.21031746031746
NR,2004,61,Légumes et tubercules,10100,Nauru,6.03960396039604
NR,2005,123,Légumes et tubercules,10110,Nauru,12.166172106824925
NR,2006,81,Légumes et tubercules,10090,Nauru,8.027750247770069
NR,2007,84,Légumes et tubercules,10080,Nauru,8.333333333333334
NR,2008,57,Légumes et tubercules,10060,Nauru,5.666003976143141
NR,2009,59,Légumes et tubercules,10050,Nauru,5.870646766169155
NR,2010,57,Légumes et tubercules,10030,Nauru,5.682951146560319
NR,2011,110,Légumes et tubercules,10200,Nauru,10.784313725490195
NR,2012,229,Légumes et tubercules,10370,Nauru,22.082931533269043
NR,2013,563,Légumes et tubercules,10540,Nauru,53.415559772296014
NR,2014,678,Légumes et tubercules,10710,Nauru,63.305322128851536
NR,2015,271,Légumes et tubercules,10880,Nauru,24.90808823529412
NR,2016,288,Légumes et tubercules,11060,Nauru,26.039783001808317
NR,2017,360,Légumes et tubercules,11230,Nauru,32.05699020480854
NR,2018,481,Légumes et tubercules,11400,Nauru,42.19298245614035
TV,1996,5,Légumes et tubercules,9268,Tuvalu,0.5394907207596029
TV,1997,28,Légumes et tubercules,9306,Tuvalu,3.0088115194498175
TV,1998,56,Légumes et tubercules,9344,Tuvalu,5.993150684931506
TV,1999,40,Légumes et tubercules,9382,Tuvalu,4.263483265828182
TV,2000,39,Légumes et tubercules,9420,Tuvalu,4.140127388535031
TV,2001,54,Légumes et tubercules,9542,Tuvalu,5.659190945294488
TV,2002,135,Légumes et tubercules,9664,Tuvalu,13.969370860927153
TV,2003,98,Légumes et tubercules,9786,Tuvalu,10.014306151645208
TV,2004,175,Légumes et tubercules,9908,Tuvalu,17.66249495357287
TV,2005,232,Légumes et tubercules,10030,Tuvalu,23.13060817547358
TV,2006,165,Légumes et tubercules,10130,Tuvalu,16.288252714708786
TV,2007,128,Légumes et tubercules,10230,Tuvalu,12.512218963831867
TV,2008,161,Légumes et tubercules,10330,Tuvalu,15.58567279767667
TV,2009,135,Légumes et tubercules,10430,Tuvalu,12.943432406519655
TV,2010,157,Légumes et tubercules,10530,Tuvalu,14.909781576448244
TV,2011,268,Légumes et tubercules,10510,Tuvalu,25.49952426260704
TV,2012,197,Légumes et tubercules,10480,Tuvalu,18.797709923664122
TV,2013,134,Légumes et tubercules,10460,Tuvalu,12.810707456978967
TV,2014,145,Légumes et tubercules,10430,Tuvalu,13.902205177372963
TV,2015,128,Légumes et tubercules,10410,Tuvalu,12.295869356388089
TV,2016,197,Légumes et tubercules,10390,Tuvalu,18.960538979788257
TV,2017,135,Légumes et tubercules,10359,Tuvalu,13.032145960034752
TV,2018,118,Légumes et tubercules,10422,Tuvalu,11.322203032047591
KI,1995,347,Légumes et tubercules,77700,Kiribati,4.465894465894466
KI,1996,446,Légumes et tubercules,79040,Kiribati,5.642712550607287
KI,1997,379,Légumes et tubercules,80380,Kiribati,4.715103259517293
KI,1998,271,Légumes et tubercules,81720,Kiribati,3.3162016642192853
KI,1999,356,Légumes et tubercules,83060,Kiribati,4.2860582711293045
KI,2000,265,Légumes et tubercules,84400,Kiribati,3.139810426540284
KI,2001,176,Légumes et tubercules,85980,Kiribati,2.046987671551524
KI,2002,225,Légumes et tubercules,87560,Kiribati,2.5696665143901325
KI,2003,385,Légumes et tubercules,89140,Kiribati,4.319048687457932
KI,2004,518,Légumes et tubercules,90720,Kiribati,5.709876543209877
KI,2005,564,Légumes et tubercules,92300,Kiribati,6.1105092091007585
KI,2006,538,Légumes et tubercules,94380,Kiribati,5.7003602458147915
KI,2007,512,Légumes et tubercules,96460,Kiribati,5.307899647522289
KI,2008,423,Légumes et tubercules,98540,Kiribati,4.2926730261822605
KI,2009,352,Légumes et tubercules,100620,Kiribati,3.498310475054661
KI,2010,296,Légumes et tubercules,102700,Kiribati,2.882181110029211
KI,2011,537,Légumes et tubercules,104000,Kiribati,5.163461538461538
KI,2012,406,Légumes et tubercules,105300,Kiribati,3.855650522317189
KI,2013,274,Légumes et tubercules,106600,Kiribati,2.5703564727954973
KI,2014,351,Légumes et tubercules,107800,Kiribati,3.2560296846011134
KI,2015,353,Légumes et tubercules,109119,Kiribati,3.23500032075074
KI,2016,318,Légumes et tubercules,110981,Kiribati,2.86535533109271
KI,2017,314,Légumes et tubercules,112880,Kiribati,2.7817150956768253
KI,2018,328,Légumes et tubercules,114807,Kiribati,2.856968651737263
FM,1998,12,Fruits,107500,Micronésie,0.11162790697674418
FM,1999,102,Fruits,107400,Micronésie,0.94972067039106145
FM,2000,145,Fruits,107400,Micronésie,1.3500931098696463
FM,2001,51,Fruits,107200,Micronésie,0.47574626865671643
FM,2002,8,Fruits,106900,Micronésie,0.07483629560336763
FM,2003,513,Fruits,106700,Micronésie,4.807872539831302
FM,2004,536,Fruits,106400,Micronésie,5.037593984962406
FM,2005,457,Fruits,106200,Micronésie,4.303201506591337
FM,2006,530,Fruits,105500,Micronésie,5.023696682464455
FM,2007,422,Fruits,104800,Micronésie,4.026717557251908
FM,2008,412,Fruits,104100,Micronésie,3.957732949087416
FM,2009,278,Fruits,103500,Micronésie,2.685990338164251
FM,2010,406,Fruits,102765,Micronésie,3.950761446017613
FM,2011,345,Fruits,103027,Micronésie,3.348636765119823
FM,2012,318,Fruits,103287,Micronésie,3.0787998489645356
FM,2013,320,Fruits,103550,Micronésie,3.0902945436986964
FM,2014,33,Fruits,103825,Micronésie,0.3178425234770046
FM,2015,35,Fruits,104104,Micronésie,0.33620225927918235
FM,2016,67,Fruits,104380,Micronésie,0.641885418662579
FM,2017,351,Fruits,104665,Micronésie,3.3535565852959444
FM,2018,390,Fruits,104945,Micronésie,3.716232312163514
CK,1995,349,Légumes et tubercules,18960,Cook Islands,18.407172995780588
CK,1996,286,Légumes et tubercules,18790,Cook Islands,15.22086216072379
CK,1997,319,Légumes et tubercules,18620,Cook Islands,17.132116004296456
CK,1998,414,Légumes et tubercules,18460,Cook Islands,22.426868905742143
CK,1999,469,Légumes et tubercules,18290,Cook Islands,25.64242755604155
CK,2000,515,Légumes et tubercules,18120,Cook Islands,28.421633554083886
CK,2001,619,Légumes et tubercules,18440,Cook Islands,33.568329718004335
CK,2002,550,Légumes et tubercules,18760,Cook Islands,29.31769722814499
CK,2003,578,Légumes et tubercules,19070,Cook Islands,30.309386470896698
CK,2004,774,Légumes et tubercules,19390,Cook Islands,39.91748323878288
CK,2005,956,Légumes et tubercules,19710,Cook Islands,48.50329781836631
CK,2006,852,Légumes et tubercules,19480,Cook Islands,43.73716632443532
CK,2007,1036,Légumes et tubercules,19250,Cook Islands,53.81818181818182
CK,2008,770,Légumes et tubercules,19010,Cook Islands,40.504997369805366
CK,2009,820,Légumes et tubercules,18780,Cook Islands,43.663471778487754
CK,2010,756,Légumes et tubercules,18550,Cook Islands,40.75471698113208
CK,2011,765,Légumes et tubercules,17960,Cook Islands,42.59465478841871
CK,2012,794,Légumes et tubercules,17370,Cook Islands,45.71099597006332
CK,2013,712,Légumes et tubercules,16780,Cook Islands,42.43146603098928
CK,2014,759,Légumes et tubercules,16190,Cook Islands,46.88079061148857
CK,2015,777,Légumes et tubercules,15600,Cook Islands,49.80769230769231
CK,2016,882,Légumes et tubercules,15011,Cook Islands,58.75691159816135
CK,2017,996,Légumes et tubercules,15076,Cook Islands,66.06526930220218
CK,2018,914,Légumes et tubercules,15153,Cook Islands,60.31808882729493
